字,韻部,韻母
東,東,ɒŋ
蝀,東,ɒŋ
同,東,ɒŋ
童,東,ɒŋ
僮,東,ɒŋ
銅,東,ɒŋ
桐,東,ɒŋ
筒,東,ɒŋ
瞳,東,ɒŋ
罿,東,ɒŋ
潼,東,ɒŋ
曈,東,ɒŋ
侗,東,ɒŋ
中,冬,ɔŋ
衷,冬,ɔŋ
忠,冬,ɔŋ
蟲,冬,ɔŋ
沖,冬,ɔŋ
种,冬,ɔŋ
終,冬,ɔŋ
潀,冬,ɔŋ
螽,冬,ɔŋ
忡,冬,ɔŋ
盅,冬,ɔŋ
崇,冬,ɔŋ
嵩,冬,ɔŋ
崧,東,ɒŋ
娀,冬,ɔŋ
菘,東,ɒŋ
戎,冬,ɔŋ
絨,冬,ɔŋ
弓,蒸,ɔɪŋ
躬,冬,ɔŋ
宮,東,ɒŋ
融,冬,ɔŋ
肜,冬,ɔŋ
雄,蒸,ɔɪŋ
熊,蒸,ɔɪŋ
瞢,蒸,ɔɪŋ
夢,蒸,ɔɪŋ
穹,蒸,ɔɪŋ
芎,蒸,ɔɪŋ
窮,冬,ɔŋ
藭,冬,ɔŋ
馮,蒸,ɔɪŋ
芃,侵,ɔm
風,侵,ɔm
楓,侵,ɔm
豐,冬,ɔŋ
酆,冬,ɔŋ
灃,冬,ɔŋ
充,冬,ɔŋ
隆,冬,ɔŋ
癃,冬,ɔŋ
窿,冬,ɔŋ
空,東,ɒŋ
箜,東,ɒŋ
倥,東,ɒŋ
公,東,ɒŋ
功,東,ɒŋ
工,東,ɒŋ
蚣,東,ɒŋ
攻,東,ɒŋ
蒙,東,ɒŋ
濛,東,ɒŋ
朦,東,ɒŋ
矇,東,ɒŋ
饛,東,ɒŋ
幪,東,ɒŋ
朦,東,ɒŋ
籠,東,ɒŋ
朧,東,ɒŋ
聾,東,ɒŋ
礱,東,ɒŋ
櫳,東,ɒŋ
瓏,東,ɒŋ
洪,東,ɒŋ
訌,東,ɒŋ
紅,東,ɒŋ
虹,東,ɒŋ
鴻,東,ɒŋ
叢,東,ɒŋ
䕺,東,ɒŋ
翁,東,ɒŋ
蓊,東,ɒŋ
怱,東,ɒŋ
葱,東,ɒŋ
聦,東,ɒŋ
𤧚,東,ɒŋ
騘,東,ɒŋ
囪,東,ɒŋ
通,東,ɒŋ
恫,東,ɒŋ
鬷,東,ɒŋ
豵,東,ɒŋ
椶,東,ɒŋ
騣,東,ɒŋ
蓬,東,ɒŋ
篷,東,ɒŋ
芃,侵,ɔm
烘,東,ɒŋ
叿,東,ɒŋ
冬,冬,ɔŋ
彤,冬,ɔŋ
琮,冬,ɔŋ
淙,冬,ɔŋ
農,冬,ɔŋ
儂,冬,ɔŋ
膿,冬,ɔŋ
宗,冬,ɔŋ
鬆,東,ɒŋ
鍾,東,ɒŋ
鐘,東,ɒŋ
龍,東,ɒŋ
舂,東,ɒŋ
松,東,ɒŋ
𧘂,東,ɒŋ
憧,東,ɒŋ
容,東,ɒŋ
溶,東,ɒŋ
庸,東,ɒŋ
墉,東,ɒŋ
鎔,東,ɒŋ
鄘,東,ɒŋ
傭,東,ɒŋ
鱅,東,ɒŋ
蓉,東,ɒŋ
封,東,ɒŋ
葑,東,ɒŋ
胷,東,ɒŋ
凶,東,ɒŋ
洶,東,ɒŋ
兇,東,ɒŋ
訩,東,ɒŋ
匈,東,ɒŋ
顒,東,ɒŋ
邕,東,ɒŋ
雍,東,ɒŋ
饔,東,ɒŋ
壅,東,ɒŋ
醲,冬,ɔŋ
濃,冬,ɔŋ
襛,冬,ɔŋ
穠,冬,ɔŋ
重,東,ɒŋ
從,東,ɒŋ
逢,東,ɒŋ
縫,東,ɒŋ
峯,東,ɒŋ
鋒,東,ɒŋ
丰,東,ɒŋ
蜂,東,ɒŋ
烽,東,ɒŋ
縱,東,ɒŋ
蹤,東,ɒŋ
茸,東,ɒŋ
蛩,東,ɒŋ
邛,東,ɒŋ
鱅,東,ɒŋ
恭,東,ɒŋ
龔,東,ɒŋ
供,東,ɒŋ
共,東,ɒŋ
淞,東,ɒŋ
樅,東,ɒŋ
從,東,ɒŋ
江,東,ɒŋ
扛,東,ɒŋ
杠,東,ɒŋ
釭,東,ɒŋ
肛,東,ɒŋ
玒,東,ɒŋ
厖,東,ɒŋ
尨,東,ɒŋ
哤,東,ɒŋ
牎,東,ɒŋ
邦,東,ɒŋ
降,東,ɒŋ
雙,東,ɒŋ
龐,東,ɒŋ
腔,東,ɒŋ
幢,東,ɒŋ
撞,東,ɒŋ
樁,東,ɒŋ
支,支,ə
卮,支,ə
栀,支,ə
枝,支,ə
祇,支,ə
肢,支,ə
氏,支,ə
榰,支,ə
移,歌,ʌl
迆,歌,ʌl
蛇,歌,ʌl
為,歌,ʌl
媯,歌,ʌl
麾,歌,ʌl
逶,微,ɔl
萎,微,ɔl
倭,微,ɔl
委,微,ɔl
糜,歌,ʌl
縻,歌,ʌl
隳,歌,ʌl
觿,歌,ʌl
錘,歌,ʌl
垂,歌,ʌl
陲,歌,ʌl
羸,歌,ʌl
吹,歌,ʌl
炊,歌,ʌl
披,歌,ʌl
陂,歌,ʌl
碑,支,ə
羆,歌,ʌl
隨,歌,ʌl
隋,歌,ʌl
虧,歌,ʌl
窺,支,ə
奇,歌,ʌl
琦,歌,ʌl
騎,歌,ʌl
碕,歌,ʌl
錡,歌,ʌl
祇,支,ə
岐,支,ə
歧,支,ə
疧,支,ə
軝,支,ə
芪,支,ə
跂,支,ə
伎,支,ə
犧,歌,ʌl
羲,歌,ʌl
曦,歌,ʌl
攲,歌,ʌl
宜,歌,ʌl
儀,歌,ʌl
䴊,歌,ʌl
皮,歌,ʌl
疲,歌,ʌl
匙,支,ə
兒,支,ə
離,歌,ʌl
籬,歌,ʌl
醨,歌,ʌl
罹,歌,ʌl
酈,支,ə
驪,支,ə
鸝,支,ə
縭,歌,ʌl
麗,支,ə
离,歌,ʌl
蠡,支,ə
漓,歌,ʌl
疵,支,ə
玼,支,ə
茈,支,ə
貲,支,ə
訾,支,ə
觜,支,ə
羈,歌,ʌl
畸,歌,ʌl
羇,歌,ʌl
奇,歌,ʌl
卑,支,ə
陴,支,ə
脾,支,ə
埤,支,ə
裨,支,ə
蜱,支,ə
紕,脂,əl
施,歌,ʌl
斯,支,ə
廝,支,ə
凘,支,ə
差,歌,ʌl
螭,歌,ʌl
彌,脂,əl
冞,脂,əl
瀰,脂,əl
雌,支,ə
知,支,ə
蜘,支,ə
漪,歌,ʌl
猗,歌,ʌl
椅,歌,ʌl
馳,歌,ʌl
池,歌,ʌl
篪,支,ə
踟,支,ə
危,歌,ʌl
釃,支,ə
規,支,ə
眵,歌,ʌl
脂,脂,əl
祗,脂,əl
姨,脂,əl
彝,脂,əl
夷,脂,əl
痍,脂,əl
桋,脂,əl
師,脂,əl
獅,脂,əl
毗,脂,əl
比,脂,əl
琵,脂,əl
芘,脂,əl
貔,脂,əl
蚍,脂,əl
枇,脂,əl
咨,脂,əl
資,脂,əl
粢,脂,əl
諮,脂,əl
姿,脂,əl
飢,脂,əl
肌,脂,əl
鴟,脂,əl
絺,微,ɔl
郗,微,ɔl
茨,脂,əl
餈,之,ɔɪ
瓷,脂,əl
尼,脂,əl
墀,脂,əl
坻,脂,əl
遲,脂,əl
私,脂,əl
尸,脂,əl
鳲,脂,əl
屍,脂,əl
蓍,脂,əl
鬐,脂,əl
耆,脂,əl
祁,脂,əl
伊,脂,əl
梨,脂,əl
葵,脂,əl
追,微,ɔl
龜,之,ɔɪ
蕤,微,ɔl
緌,微,ɔl
衰,微,ɔl
惟,微,ɔl
維,微,ɔl
遺,微,ɔl
濰,微,ɔl
唯,微,ɔl
纍,微,ɔl
𡤯,微,ɔl
纝,微,ɔl
綏,微,ɔl
雖,微,ɔl
睢,微,ɔl
逵,幽,ɔ
夔,脂,əl
馗,幽,ɔ
騤,脂,əl
眉,脂,əl
湄,脂,əl
楣,脂,əl
麋,脂,əl
郿,脂,əl
悲,微,ɔl
錐,微,ɔl
隹,微,ɔl
騅,微,ɔl
鵻,微,ɔl
誰,微,ɔl
帷,微,ɔl
邳,之,ɔɪ
丕,之,ɔɪ
伾,之,ɔɪ
秠,之,ɔɪ
駓,之,ɔɪ
鎚,微,ɔl
椎,微,ɔl
槌,微,ɔl
推,微,ɔl
胝,脂,əl
氐,脂,əl
紕,脂,əl
巋,微,ɔl
屎,脂,əl
之,之,ɔɪ
芝,之,ɔɪ
飴,之,ɔɪ
怡,之,ɔɪ
圯,之,ɔɪ
貽,之,ɔɪ
頤,之,ɔɪ
詒,之,ɔɪ
時,之,ɔɪ
塒,之,ɔɪ
蒔,之,ɔɪ
疑,之,ɔɪ
嶷,之,ɔɪ
思,之,ɔɪ
司,之,ɔɪ
伺,之,ɔɪ
絲,之,ɔɪ
緦,之,ɔɪ
偲,之,ɔɪ
其,之,ɔɪ
期,之,ɔɪ
旗,之,ɔɪ
綦,之,ɔɪ
萁,之,ɔɪ
琪,之,ɔɪ
麒,之,ɔɪ
騏,之,ɔɪ
淇,之,ɔɪ
棊,之,ɔɪ
祺,之,ɔɪ
詩,之,ɔɪ
而,之,ɔɪ
陾,之,ɔɪ
洏,之,ɔɪ
欺,之,ɔɪ
僛,之,ɔɪ
姬,之,ɔɪ
朞,之,ɔɪ
基,之,ɔɪ
箕,之,ɔɪ
詞,之,ɔɪ
祠,之,ɔɪ
辭,之,ɔɪ
辤,之,ɔɪ
釐,之,ɔɪ
狸,之,ɔɪ
菑,之,ɔɪ
淄,之,ɔɪ
輜,之,ɔɪ
錙,之,ɔɪ
緇,之,ɔɪ
僖,之,ɔɪ
熙,之,ɔɪ
嬉,之,ɔɪ
禧,之,ɔɪ
熹,之,ɔɪ
嘻,之,ɔɪ
醫,之,ɔɪ
噫,之,ɔɪ
癡,之,ɔɪ
笞,之,ɔɪ
治,之,ɔɪ
持,之,ɔɪ
蚩,之,ɔɪ
慈,之,ɔɪ
鶿,之,ɔɪ
茲,之,ɔɪ
茲,之,ɔɪ
孳,之,ɔɪ
孜,之,ɔɪ
滋,之,ɔɪ
鼒,之,ɔɪ
微,微,ɔl
薇,微,ɔl
揮,微,ɔl
煇,微,ɔl
輝,微,ɔl
暉,微,ɔl
徽,微,ɔl
翬,微,ɔl
幃,微,ɔl
韋,微,ɔl
闈,微,ɔl
圍,微,ɔl
違,微,ɔl
霏,微,ɔl
妃,微,ɔl
菲,微,ɔl
騑,微,ɔl
飛,微,ɔl
扉,微,ɔl
緋,微,ɔl
非,微,ɔl
肥,微,ɔl
腓,微,ɔl
淝,微,ɔl
威,微,ɔl
祈,微,ɔl
頎,微,ɔl
旂,微,ɔl
畿,微,ɔl
圻,微,ɔl
機,微,ɔl
譏,微,ɔl
嘰,微,ɔl
磯,微,ɔl
饑,微,ɔl
幾,微,ɔl
璣,微,ɔl
希,微,ɔl
晞,微,ɔl
稀,微,ɔl
豨,微,ɔl
依,微,ɔl
衣,微,ɔl
沂,微,ɔl
巍,微,ɔl
歸,微,ɔl
魚,魚,ʌ
漁,魚,ʌ
初,魚,ʌ
書,魚,ʌ
舒,魚,ʌ
紓,魚,ʌ
居,魚,ʌ
据,魚,ʌ
裾,魚,ʌ
琚,魚,ʌ
車,魚,ʌ
椐,魚,ʌ
渠,魚,ʌ
璩,魚,ʌ
蕖,魚,ʌ
籧,魚,ʌ
蘧,魚,ʌ
余,魚,ʌ
餘,魚,ʌ
輿,魚,ʌ
旟,魚,ʌ
璵,魚,ʌ
畬,魚,ʌ
歟,魚,ʌ
與,魚,ʌ
譽,魚,ʌ
舁,魚,ʌ
妤,魚,ʌ
予,魚,ʌ
胥,魚,ʌ
疽,魚,ʌ
砠,魚,ʌ
趄,魚,ʌ
狙,魚,ʌ
蛆,魚,ʌ
雎,魚,ʌ
鉏,魚,ʌ
鋤,魚,ʌ
攄,魚,ʌ
摴,魚,ʌ
疏,魚,ʌ
梳,魚,ʌ
蔬,魚,ʌ
踈,魚,ʌ
疋,魚,ʌ
虛,魚,ʌ
噓,魚,ʌ
徐,魚,ʌ
於,魚,ʌ
淤,魚,ʌ
豬,魚,ʌ
瀦,魚,ʌ
櫫,魚,ʌ
臚,魚,ʌ
閭,魚,ʌ
廬,魚,ʌ
驢,魚,ʌ
藘,魚,ʌ
諸,魚,ʌ
除,魚,ʌ
躇,魚,ʌ
儲,魚,ʌ
篨,魚,ʌ
滁,魚,ʌ
如,魚,ʌ
茹,魚,ʌ
且,魚,ʌ
苴,魚,ʌ
沮,魚,ʌ
墟,魚,ʌ
袪,魚,ʌ
菹,魚,ʌ
虞,魚,ʌ
愚,侯,ɒ
娛,魚,ʌ
禺,侯,ɒ
齵,侯,ɒ
芻,侯,ɒ
無,魚,ʌ
毋,魚,ʌ
蕪,魚,ʌ
誣,魚,ʌ
巫,魚,ʌ
于,魚,ʌ
盂,魚,ʌ
雩,魚,ʌ
竽,魚,ʌ
訏,魚,ʌ
吁,魚,ʌ
盱,魚,ʌ
衢,魚,ʌ
劬,侯,ɒ
臞,魚,ʌ
癯,魚,ʌ
鴝,侯,ɒ
瞿,魚,ʌ
儒,侯,ɒ
濡,侯,ɒ
襦,侯,ɒ
懦,侯,ɒ
繻,侯,ɒ
醹,侯,ɒ
須,侯,ɒ
鬚,侯,ɒ
繻,侯,ɒ
需,侯,ɒ
株,侯,ɒ
誅,侯,ɒ
邾,侯,ɒ
蛛,侯,ɒ
貙,侯,ɒ
殊,侯,ɒ
洙,侯,ɒ
茱,侯,ɒ
殳,侯,ɒ
逾,侯,ɒ
踰,侯,ɒ
窬,侯,ɒ
臾,侯,ɒ
楰,侯,ɒ
腴,侯,ɒ
諛,侯,ɒ
覦,侯,ɒ
俞,侯,ɒ
愉,侯,ɒ
揄,侯,ɒ
瑜,侯,ɒ
蝓,侯,ɒ
榆,侯,ɒ
萸,侯,ɒ
渝,侯,ɒ
區,侯,ɒ
驅,侯,ɒ
嶇,侯,ɒ
軀,侯,ɒ
朱,侯,ɒ
珠,侯,ɒ
侏,侯,ɒ
咮,侯,ɒ
趨,侯,ɒ
婁,侯,ɒ
扶,魚,ʌ
芙,魚,ʌ
符,侯,ɒ
鳧,侯,ɒ
苻,侯,ɒ
蚨,魚,ʌ
夫,魚,ʌ
枹,幽,ɔ
雛,侯,ɒ
敷,魚,ʌ
麩,魚,ʌ
孚,幽,ɔ
郛,幽,ɔ
俘,幽,ɔ
莩,幽,ɔ
桴,幽,ɔ
諏,侯,ɒ
跗,侯,ɒ
趺,魚,ʌ
膚,魚,ʌ
鈇,魚,ʌ
玞,魚,ʌ
夫,魚,ʌ
紆,魚,ʌ
迂,魚,ʌ
輸,侯,ɒ
樞,侯,ɒ
姝,侯,ɒ
䇬,侯,ɒ
廚,侯,ɒ
躕,侯,ɒ
拘,侯,ɒ
駒,侯,ɒ
捄,幽,ɔ
俱,侯,ɒ
痀,侯,ɒ
模,魚,ʌ
嫫,魚,ʌ
謨,魚,ʌ
酺,魚,ʌ
匍,魚,ʌ
蒲,魚,ʌ
胡,魚,ʌ
壺,魚,ʌ
狐,魚,ʌ
瑚,魚,ʌ
湖,魚,ʌ
鶘,魚,ʌ
糊,魚,ʌ
弧,魚,ʌ
乎,魚,ʌ
瓠,魚,ʌ
葫,魚,ʌ
孤,魚,ʌ
菰,魚,ʌ
姑,魚,ʌ
辜,魚,ʌ
呱,魚,ʌ
酤,魚,ʌ
觚,魚,ʌ
蛄,魚,ʌ
鴣,魚,ʌ
沽,魚,ʌ
罛,魚,ʌ
徒,魚,ʌ
屠,魚,ʌ
瘏,魚,ʌ
塗,魚,ʌ
途,魚,ʌ
駼,魚,ʌ
涂,魚,ʌ
荼,魚,ʌ
圖,魚,ʌ
奴,魚,ʌ
砮,魚,ʌ
駑,魚,ʌ
帑,魚,ʌ
孥,魚,ʌ
呼,魚,ʌ
幠,魚,ʌ
滹,魚,ʌ
吾,魚,ʌ
鼯,魚,ʌ
吳,魚,ʌ
浯,魚,ʌ
梧,魚,ʌ
租,魚,ʌ
盧,魚,ʌ
壚,魚,ʌ
蘆,魚,ʌ
顱,魚,ʌ
櫨,魚,ʌ
鸕,魚,ʌ
艫,魚,ʌ
瀘,魚,ʌ
爐,魚,ʌ
蘇,魚,ʌ
穌,魚,ʌ
徂,魚,ʌ
殂,魚,ʌ
烏,魚,ʌ
嗚,魚,ʌ
污,魚,ʌ
圬,魚,ʌ
鄔,魚,ʌ
惡,魚,ʌ
逋,魚,ʌ
餔,魚,ʌ
枯,魚,ʌ
刳,魚,ʌ
麤,魚,ʌ
稌,魚,ʌ
都,魚,ʌ
闍,魚,ʌ
鋪,魚,ʌ
痡,魚,ʌ
齊,脂,əl
臍,脂,əl
蠐,脂,əl
懠,脂,əl
黎,脂,əl
犂,脂,əl
黧,脂,əl
藜,脂,əl
驪,支,ə
妻,脂,əl
萋,脂,əl
淒,脂,əl
凄,脂,əl
悽,脂,əl
低,脂,əl
氐,脂,əl
羝,脂,əl
堤,支,ə
啼,支,ə
蹄,支,ə
提,支,ə
題,支,ə
綈,脂,əl
稊,脂,əl
醍,支,ə
鵜,脂,əl
荑,脂,əl
緹,支,ə
螕,脂,əl
蓖,脂,əl
篦,脂,əl
狴,脂,əl
鷄,支,ə
稽,脂,əl
笄,脂,əl
卟,支,ə
奚,支,ə
蹊,支,ə
嵇,脂,əl
兮,支,ə
鼷,支,ə
鷖,脂,əl
翳,脂,əl
倪,支,ə
霓,支,ə
輗,支,ə
猊,支,ə
鯢,支,ə
兒,支,ə
醯,支,ə
西,脂,əl
棲,脂,əl
犀,脂,əl
梯,脂,əl
鼙,支,ə
膍,脂,əl
批,脂,əl
齎,脂,əl
𧆌,脂,əl
擠,脂,əl
躋,脂,əl
隮,脂,əl
迷,脂,əl
泥,脂,əl
溪,支,ə
圭,支,ə
邽,支,ə
閨,支,ə
睽,脂,əl
奎,支,ə
攜,支,ə
畦,支,ə
佳,支,ə
街,支,ə
膎,支,ə
鞋,支,ə
牌,支,ə
𥱼,支,ə
媧,歌,ʌl
蝸,歌,ʌl
蛙,支,ə
柴,支,ə
祡,支,ə
釵,歌,ʌl
叉,歌,ʌl
差,歌,ʌl
崖,支,ə
涯,支,ə
厓,支,ə
娃,支,ə
洼,支,ə
哇,支,ə
皆,脂,əl
偕,脂,əl
稭,脂,əl
喈,脂,əl
階,脂,əl
堦,脂,əl
楷,脂,əl
湝,脂,əl
𢰇,之,ɔɪ
諧,脂,əl
骸,之,ɔɪ
排,微,ɔl
俳,微,ɔl
乖,微,ɔl
懷,微,ɔl
槐,微,ɔl
淮,微,ɔl
𧞷,微,ɔl
瀤,微,ɔl
豺,之,ɔɪ
儕,脂,əl
差,歌,ʌl
埋,之,ɔɪ
霾,之,ɔɪ
齋,脂,əl
崴,微,ɔl
揩,脂,əl
灰,之,ɔɪ
虺,微,ɔl
恢,之,ɔɪ
悝,之,ɔɪ
魁,微,ɔl
隈,微,ɔl
煨,微,ɔl
偎,微,ɔl
回,微,ɔl
洄,微,ɔl
迴,微,ɔl
枚,微,ɔl
梅,之,ɔɪ
媒,之,ɔɪ
玫,微,ɔl
煤,之,ɔɪ
脢,之,ɔɪ
莓,之,ɔɪ
鋂,之,ɔɪ
傀,微,ɔl
瑰,微,ɔl
雷,微,ɔl
罍,微,ɔl
頹,微,ɔl
隤,微,ɔl
魋,微,ɔl
崔,微,ɔl
催,微,ɔl
堆,微,ɔl
敦,文,ɔn
摧,微,ɔl
裴,微,ɔl
徘,微,ɔl
培,之,ɔɪ
陪,之,ɔɪ
杯,之,ɔɪ
肧,之,ɔɪ
坏,之,ɔɪ
桅,歌,ʌl
嵬,微,ɔl
蓷,微,ɔl
推,微,ɔl
咍,之,ɔɪ
開,微,ɔl
哀,微,ɔl
埃,之,ɔɪ
唉,之,ɔɪ
欸,之,ɔɪ
臺,之,ɔɪ
苔,之,ɔɪ
炱,之,ɔɪ
駘,之,ɔɪ
該,之,ɔɪ
垓,之,ɔɪ
荄,之,ɔɪ
陔,之,ɔɪ
裁,之,ɔɪ
財,之,ɔɪ
才,之,ɔɪ
材,之,ɔɪ
來,之,ɔɪ
萊,之,ɔɪ
騋,之,ɔɪ
崍,之,ɔɪ
淶,之,ɔɪ
烖,之,ɔɪ
灾,之,ɔɪ
災,之,ɔɪ
栽,之,ɔɪ
哉,之,ɔɪ
猜,之,ɔɪ
偲,之,ɔɪ
胎,之,ɔɪ
鮐,之,ɔɪ
台,之,ɔɪ
邰,之,ɔɪ
孩,之,ɔɪ
咳,之,ɔɪ
頦,之,ɔɪ
鰓,之,ɔɪ
皚,微,ɔl
獃,微,ɔl
真,真,ən
甄,真,ən
振,文,ɔn
畛,真,ən
因,真,ən
茵,真,ən
禋,真,ən
闉,真,ən
駰,真,ən
湮,真,ən
氤,真,ən
堙,真,ən
洇,真,ən
姻,真,ən
新,真,ən
辛,真,ən
薪,真,ən
辰,文,ɔn
晨,文,ɔn
宸,文,ɔn
臣,真,ən
仁,真,ən
人,真,ən
神,真,ən
親,真,ən
申,真,ən
伸,真,ən
紳,真,ən
娠,文,ɔn
呻,真,ən
身,真,ən
賓,真,ən
濱,真,ən
檳,真,ən
鑌,真,ən
燐,真,ən
鄰,真,ən
轔,真,ən
嶙,真,ən
粼,真,ən
磷,真,ən
麟,真,ən
鱗,真,ən
珍,真,ən
陳,真,ən
塵,真,ən
津,真,ən
瞋,真,ən
嗔,真,ən
秦,真,ən
螓,真,ən
寅,真,ən
夤,真,ən
繽,真,ən
頻,真,ən
蘋,真,ən
嬪,真,ən
顰,真,ən
嚬,真,ən
銀,文,ɔn
誾,元,ʌn
嚚,真,ən
垠,文,ɔn
巾,文,ɔn
筠,真,ən
囷,文,ɔn
珉,真,ən
岷,真,ən
閩,真,ən
緡,真,ən
旻,真,ən
𤸅,真,ən
貧,文,ɔn
彬,文,ɔn
斌,文,ɔn
豳,文,ɔn
民,真,ən
諄,文,ɔn
椿,文,ɔn
荀,真,ən
郇,真,ən
詢,真,ən
峋,真,ən
洵,真,ən
純,文,ɔn
蓴,元,ʌn
醇,文,ɔn
鶉,文,ɔn
錞,文,ɔn
淳,文,ɔn
犉,文,ɔn
脣,文,ɔn
漘,文,ɔn
淪,文,ɔn
倫,文,ɔn
輪,文,ɔn
綸,文,ɔn
侖,文,ɔn
掄,文,ɔn
迍,文,ɔn
逡,文,ɔn
竣,文,ɔn
皴,文,ɔn
遵,文,ɔn
春,文,ɔn
勻,真,ən
畇,真,ən
旬,真,ən
巡,文,ɔn
馴,文,ɔn
循,文,ɔn
均,真,ən
鈞,真,ən
臻,真,ən
蓁,真,ən
搸,真,ən
溱,真,ən
莘,真,ən
甡,真,ən
詵,文,ɔn
文,文,ɔn
聞,文,ɔn
紋,文,ɔn
雯,文,ɔn
蚊,文,ɔn
汶,文,ɔn
雲,文,ɔn
芸,文,ɔn
耘,文,ɔn
紜,文,ɔn
云,文,ɔn
員,文,ɔn
熅,文,ɔn
氳,文,ɔn
縕,文,ɔn
汾,文,ɔn
墳,文,ɔn
濆,文,ɔn
焚,文,ɔn
頒,文,ɔn
枌,文,ɔn
蕡,文,ɔn
棼,文,ɔn
賁,文,ɔn
分,文,ɔn
餴,文,ɔn
羣,文,ɔn
裠,文,ɔn
薰,文,ɔn
曛,文,ɔn
勳,文,ɔn
勛,文,ɔn
熏,文,ɔn
燻,文,ɔn
獯,文,ɔn
醺,文,ɔn
君,文,ɔn
軍,文,ɔn
皸,文,ɔn
芬,文,ɔn
紛,文,ɔn
氛,文,ɔn
雰,文,ɔn
欣,文,ɔn
忻,文,ɔn
昕,文,ɔn
殷,文,ɔn
慇,文,ɔn
勤,文,ɔn
芹,文,ɔn
懃,文,ɔn
斤,文,ɔn
筋,文,ɔn
齦,文,ɔn
鄞,文,ɔn
元,元,ʌn
原,元,ʌn
源,元,ʌn
嫄,元,ʌn
沅,元,ʌn
騵,元,ʌn
黿,元,ʌn
袁,元,ʌn
爰,元,ʌn
垣,元,ʌn
園,元,ʌn
援,元,ʌn
轅,元,ʌn
媛,元,ʌn
猿,元,ʌn
煩,元,ʌn
蹯,元,ʌn
繁,元,ʌn
蘩,元,ʌn
樊,元,ʌn
燔,元,ʌn
膰,元,ʌn
蕃,元,ʌn
蠜,元,ʌn
礬,元,ʌn
袢,元,ʌn
翻,元,ʌn
旛,元,ʌn
番,元,ʌn
幡,元,ʌn
暄,元,ʌn
萱,元,ʌn
諼,元,ʌn
壎,文,ɔn
喧,元,ʌn
諠,元,ʌn
鴛,元,ʌn
冤,元,ʌn
鵷,元,ʌn
宛,元,ʌn
言,元,ʌn
軒,元,ʌn
掀,文,ɔn
蔫,元,ʌn
蕃,元,ʌn
藩,元,ʌn
䰟,文,ɔn
渾,文,ɔn
琿,文,ɔn
昆,文,ɔn
鵾,文,ɔn
鯤,文,ɔn
溫,文,ɔn
門,文,ɔn
捫,文,ɔn
璊,元,ʌn
亹,文,ɔn
孫,文,ɔn
蓀,文,ɔn
飧,文,ɔn
尊,文,ɔn
罇,文,ɔn
存,文,ɔn
蹲,文,ɔn
敦,文,ɔn
暾,文,ɔn
燉,文,ɔn
屯,文,ɔn
豚,文,ɔn
臀,文,ɔn
飩,文,ɔn
邨,文,ɔn
村,文,ɔn
盆,文,ɔn
奔,文,ɔn
賁,文,ɔn
犇,文,ɔn
論,文,ɔn
崘,文,ɔn
坤,文,ɔn
髡,文,ɔn
昏,文,ɔn
惛,文,ɔn
婚,文,ɔn
噴,文,ɔn
痕,文,ɔn
根,文,ɔn
跟,文,ɔn
恩,真,ən
吞,文,ɔn
寒,元,ʌn
𩏑,元,ʌn
翰,元,ʌn
邯,談,ʌm
汗,元,ʌn
單,元,ʌn
鄲,元,ʌn
丹,元,ʌn
殫,元,ʌn
簞,元,ʌn
癉,元,ʌn
安,元,ʌn
鞌,元,ʌn
難,元,ʌn
餐,元,ʌn
灘,元,ʌn
嘽,元,ʌn
攤,元,ʌn
跚,元,ʌn
珊,元,ʌn
姍,元,ʌn
壇,元,ʌn
檀,元,ʌn
彈,元,ʌn
殘,元,ʌn
戔,元,ʌn
干,元,ʌn
乾,元,ʌn
竿,元,ʌn
肝,元,ʌn
奸,元,ʌn
玕,元,ʌn
蘭,元,ʌn
瀾,元,ʌn
闌,元,ʌn
讕,元,ʌn
欄,元,ʌn
看,元,ʌn
刊,元,ʌn
鼾,元,ʌn
桓,元,ʌn
完,元,ʌn
丸,元,ʌn
瓛,元,ʌn
紈,元,ʌn
雈,元,ʌn
刓,元,ʌn
蚖,元,ʌn
端,元,ʌn
耑,元,ʌn
剜,元,ʌn
豌,元,ʌn
蜿,元,ʌn
湍,元,ʌn
酸,元,ʌn
狻,元,ʌn
團,元,ʌn
慱,元,ʌn
敦,文,ɔn
漙,元,ʌn
𪆃,文,ɔn
摶,元,ʌn
穳,元,ʌn
官,元,ʌn
莞,元,ʌn
棺,元,ʌn
觀,元,ʌn
冠,元,ʌn
倌,元,ʌn
鑾,元,ʌn
鸞,元,ʌn
巒,元,ʌn
欒,元,ʌn
歡,元,ʌn
驩,元,ʌn
貛,元,ʌn
獾,元,ʌn
讙,元,ʌn
寬,元,ʌn
髖,元,ʌn
鑽,元,ʌn
槃,元,ʌn
盤,元,ʌn
瘢,元,ʌn
磻,元,ʌn
幋,元,ʌn
磐,元,ʌn
䰉,元,ʌn
般,元,ʌn
鞶,元,ʌn
媻,元,ʌn
蟠,元,ʌn
瞞,元,ʌn
顢,元,ʌn
謾,元,ʌn
鏝,元,ʌn
鞔,元,ʌn
鰻,元,ʌn
蔓,元,ʌn
潘,元,ʌn
番,元,ʌn
般,元,ʌn
刪,元,ʌn
訕,元,ʌn
潸,元,ʌn
關,元,ʌn
擐,元,ʌn
彎,元,ʌn
灣,元,ʌn
還,元,ʌn
環,元,ʌn
鬟,元,ʌn
寰,元,ʌn
闤,元,ʌn
鍰,元,ʌn
圜,元,ʌn
鐶,元,ʌn
班,元,ʌn
頒,文,ɔn
斑,元,ʌn
般,元,ʌn
扳,元,ʌn
蠻,元,ʌn
顏,元,ʌn
姦,元,ʌn
菅,元,ʌn
攀,元,ʌn
頑,元,ʌn
跧,元,ʌn
山,元,ʌn
疝,元,ʌn
鰥,文,ɔn
綸,文,ɔn
閒,元,ʌn
艱,文,ɔn
蕑,元,ʌn
閑,元,ʌn
嫺,元,ʌn
癇,元,ʌn
鷳,元,ʌn
潺,元,ʌn
孱,元,ʌn
殷,文,ɔn
先,文,ɔn
躚,元,ʌn
前,元,ʌn
千,真,ən
阡,真,ən
芊,真,ən
箋,元,ʌn
籛,元,ʌn
天,真,ən
堅,真,ən
肩,元,ʌn
豜,元,ʌn
賢,真,ən
弦,真,ən
絃,真,ən
舷,真,ən
胘,真,ən
煙,真,ən
烟,真,ən
燕,元,ʌn
咽,真,ən
湮,真,ən
蓮,元,ʌn
憐,真,ən
田,真,ən
畋,真,ən
填,真,ən
闐,真,ən
年,真,ən
顛,真,ən
瘨,真,ən
癲,真,ən
巔,真,ən
牽,真,ən
妍,元,ʌn
研,元,ʌn
眠,真,ən
蹁,真,ən
駢,耕,əŋ
胼,耕,əŋ
淵,真,ən
涓,元,ʌn
蠲,錫,ək
駽,元,ʌn
邊,元,ʌn
籩,元,ʌn
蝙,真,ən
玄,真,ən
縣,元,ʌn
懸,元,ʌn
眩,真,ən
仙,元,ʌn
僊,元,ʌn
躚,元,ʌn
鮮,元,ʌn
錢,元,ʌn
遷,元,ʌn
煎,元,ʌn
湔,元,ʌn
然,元,ʌn
燃,元,ʌn
延,元,ʌn
埏,元,ʌn
筵,元,ʌn
蜒,元,ʌn
鋋,元,ʌn
饘,元,ʌn
旃,元,ʌn
氈,元,ʌn
鸇,元,ʌn
邅,元,ʌn
鱣,元,ʌn
羶,元,ʌn
扇,元,ʌn
煽,元,ʌn
梴,元,ʌn
單,元,ʌn
蟬,元,ʌn
禪,元,ʌn
嬋,元,ʌn
纏,元,ʌn
躔,元,ʌn
廛,元,ʌn
連,元,ʌn
聮,元,ʌn
漣,元,ʌn
鰱,元,ʌn
篇,真,ən
偏,真,ən
翩,真,ən
扁,真,ən
便,元,ʌn
綿,元,ʌn
棉,元,ʌn
全,元,ʌn
泉,元,ʌn
宣,元,ʌn
揎,元,ʌn
瑄,元,ʌn
鐫,元,ʌn
脧,文,ɔn
儇,元,ʌn
穿,元,ʌn
川,文,ɔn
沿,元,ʌn
鉛,元,ʌn
捐,元,ʌn
鳶,元,ʌn
緣,元,ʌn
旋,元,ʌn
璇,元,ʌn
還,元,ʌn
鏇,元,ʌn
娟,元,ʌn
悁,元,ʌn
蜎,元,ʌn
船,元,ʌn
鞭,元,ʌn
編,真,ən
涎,元,ʌn
詮,元,ʌn
銓,元,ʌn
痊,元,ʌn
悛,文,ɔn
筌,元,ʌn
荃,元,ʌn
專,元,ʌn
顓,元,ʌn
遄,元,ʌn
員,文,ɔn
圓,文,ɔn
湲,元,ʌn
乾,元,ʌn
虔,元,ʌn
愆,元,ʌn
褰,元,ʌn
騫,元,ʌn
權,元,ʌn
拳,元,ʌn
顴,元,ʌn
鬈,元,ʌn
蜷,元,ʌn
椽,元,ʌn
傳,元,ʌn
攣,元,ʌn
鬈,元,ʌn
焉,元,ʌn
嫣,元,ʌn
鄢,元,ʌn
焉,元,ʌn
蕭,幽,ɔ
簫,幽,ɔ
彇,幽,ɔ
𩙚,幽,ɔ
翛,幽,ɔ
祧,宵,o
挑,宵,o
朓,宵,o
恌,宵,o
貂,宵,o
刁,宵,o
琱,幽,ɔ
凋,幽,ɔ
鯛,幽,ɔ
雕,幽,ɔ
鵰,幽,ɔ
彫,幽,ɔ
迢,宵,o
條,幽,ɔ
髫,宵,o
蜩,幽,ɔ
佻,宵,o
苕,宵,o
調,幽,ɔ
䩦,幽,ɔ
鰷,幽,ɔ
驍,宵,o
梟,宵,o
澆,宵,o
聊,幽,ɔ
膋,宵,o
遼,宵,o
寥,幽,ɔ
撩,宵,o
僚,宵,o
寮,宵,o
鷯,宵,o
繚,宵,o
堯,宵,o
嶢,宵,o
僥,宵,o
嘵,宵,o
幺,宵,o
宵,宵,o
消,宵,o
霄,宵,o
逍,宵,o
痟,宵,o
綃,宵,o
銷,宵,o
蛸,宵,o
超,宵,o
朝,宵,o
晁,宵,o
鼂,宵,o
朝,宵,o
潮,宵,o
嚻,宵,o
枵,宵,o
歊,宵,o
樵,宵,o
憔,宵,o
譙,宵,o
驕,宵,o
嬌,宵,o
鷮,宵,o
焦,宵,o
蕉,宵,o
椒,幽,ɔ
僬,宵,o
燋,宵,o
饒,宵,o
橈,宵,o
蕘,宵,o
燒,宵,o
遙,宵,o
傜,宵,o
繇,宵,o
窰,宵,o
珧,宵,o
銚,宵,o
姚,宵,o
搖,宵,o
謠,宵,o
陶,幽,ɔ
瑤,宵,o
韶,宵,o
昭,宵,o
招,宵,o
釗,宵,o
飊,宵,o
標,宵,o
幖,宵,o
鑣,宵,o
臕,宵,o
儦,宵,o
瀌,宵,o
瓢,宵,o
苗,宵,o
緢,宵,o
要,宵,o
腰,宵,o
葽,宵,o
喓,宵,o
邀,宵,o
鴞,宵,o
喬,宵,o
橋,宵,o
僑,宵,o
蕎,宵,o
妖,宵,o
夭,宵,o
蹺,宵,o
弨,宵,o
漂,宵,o
飄,宵,o
嘌,宵,o
翹,宵,o
荍,幽,ɔ
燎,宵,o
趫,宵,o
肴,宵,o
殽,宵,o
爻,宵,o
淆,宵,o
交,宵,o
蛟,宵,o
茭,宵,o
膠,幽,ɔ
鮫,宵,o
郊,宵,o
教,宵,o
佼,宵,o
巢,宵,o
鐃,宵,o
呶,幽,ɔ
譊,宵,o
怓,幽,ɔ
梢,宵,o
捎,宵,o
弰,宵,o
筲,宵,o
鞘,宵,o
蛸,宵,o
茅,幽,ɔ
蝥,幽,ɔ
貓,宵,o
虓,幽,ɔ
哮,幽,ɔ
包,幽,ɔ
胞,幽,ɔ
苞,幽,ɔ
胞,幽,ɔ
脬,幽,ɔ
拋,幽,ɔ
泡,幽,ɔ
敲,宵,o
磽,宵,o
啁,幽,ɔ
抄,宵,o
鈔,宵,o
庖,幽,ɔ
咆,幽,ɔ
匏,幽,ɔ
炮,幽,ɔ
炰,幽,ɔ
鞄,幽,ɔ
坳,幽,ɔ
豪,宵,o
號,宵,o
毫,宵,o
嗥,幽,ɔ
濠,宵,o
壕,宵,o
高,宵,o
膏,宵,o
皋,幽,ɔ
羔,宵,o
櫜,幽,ɔ
鼛,幽,ɔ
勞,宵,o
澇,宵,o
牢,幽,ɔ
醪,幽,ɔ
撈,宵,o
蒿,宵,o
薅,幽,ɔ
毛,宵,o
髦,宵,o
芼,宵,o
旄,宵,o
饕,宵,o
韜,幽,ɔ
滔,幽,ɔ
叨,宵,o
慆,幽,ɔ
絛,幽,ɔ
刀,宵,o
魛,宵,o
忉,宵,o
舠,宵,o
騷,幽,ɔ
搔,幽,ɔ
繅,宵,o
繰,宵,o
臊,宵,o
袍,幽,ɔ
襃,幽,ɔ
褒,幽,ɔ
陶,幽,ɔ
咷,宵,o
桃,宵,o
綯,幽,ɔ
燾,幽,ɔ
逃,宵,o
鼗,宵,o
鞉,宵,o
濤,幽,ɔ
檮,幽,ɔ
萄,幽,ɔ
糟,幽,ɔ
遭,幽,ɔ
敖,宵,o
遨,宵,o
翺,幽,ɔ
驁,宵,o
熬,宵,o
獒,宵,o
鼇,宵,o
謷,宵,o
嗸,宵,o
嗷,宵,o
曹,幽,ɔ
槽,幽,ɔ
漕,幽,ɔ
䥝,幽,ɔ
猱,幽,ɔ
㺜,幽,ɔ
峱,幽,ɔ
尻,幽,ɔ
操,宵,o
歌,歌,ʌl
柯,歌,ʌl
哥,歌,ʌl
蹉,歌,ʌl
搓,歌,ʌl
磋,歌,ʌl
傞,歌,ʌl
多,歌,ʌl
娑,歌,ʌl
挲,歌,ʌl
駝,歌,ʌl
鼉,歌,ʌl
紽,歌,ʌl
鮀,歌,ʌl
陀,歌,ʌl
驒,歌,ʌl
沱,歌,ʌl
跎,歌,ʌl
詑,歌,ʌl
酡,歌,ʌl
佗,歌,ʌl
瘥,歌,ʌl
鹺,歌,ʌl
嵳,歌,ʌl
莪,歌,ʌl
哦,歌,ʌl
娥,歌,ʌl
峩,歌,ʌl
鵝,歌,ʌl
俄,歌,ʌl
蛾,歌,ʌl
佗,歌,ʌl
他,歌,ʌl
它,歌,ʌl
羅,歌,ʌl
蘿,歌,ʌl
那,歌,ʌl
儺,歌,ʌl
何,歌,ʌl
河,歌,ʌl
荷,歌,ʌl
菏,歌,ʌl
苛,歌,ʌl
訶,歌,ʌl
呵,歌,ʌl
珂,歌,ʌl
軻,歌,ʌl
阿,歌,ʌl
痾,歌,ʌl
戈,歌,ʌl
過,歌,ʌl
鍋,歌,ʌl
緺,歌,ʌl
莎,歌,ʌl
蓑,微,ɔl
梭,歌,ʌl
婆,歌,ʌl
鄱,歌,ʌl
皤,歌,ʌl
摩,歌,ʌl
魔,歌,ʌl
磨,歌,ʌl
劘,歌,ʌl
痤,歌,ʌl
訛,歌,ʌl
吪,歌,ʌl
鈋,歌,ʌl
𩼊,歌,ʌl
波,歌,ʌl
番,歌,ʌl
頗,歌,ʌl
坡,歌,ʌl
和,歌,ʌl
禾,歌,ʌl
龢,歌,ʌl
科,歌,ʌl
窠,歌,ʌl
薖,歌,ʌl
稞,歌,ʌl
蝌,歌,ʌl
倭,微,ɔl
渦,歌,ʌl
踒,微,ɔl
茄,歌,ʌl
麻,歌,ʌl
犘,歌,ʌl
蟆,魚,ʌ
車,魚,ʌ
奢,魚,ʌ
賖,魚,ʌ
畬,魚,ʌ
邪,魚,ʌ
耶,魚,ʌ
遮,魚,ʌ
嗟,歌,ʌl
罝,魚,ʌ
蛇,歌,ʌl
華,魚,ʌ
驊,魚,ʌ
瓜,魚,ʌ
騧,歌,ʌl
華,魚,ʌ
譁,魚,ʌ
誇,魚,ʌ
夸,魚,ʌ
拏,魚,ʌ
嘉,歌,ʌl
家,魚,ʌ
加,歌,ʌl
葭,魚,ʌ
麚,魚,ʌ
豭,魚,ʌ
痂,歌,ʌl
枷,歌,ʌl
茄,歌,ʌl
遐,魚,ʌ
霞,魚,ʌ
瑕,魚,ʌ
騢,魚,ʌ
葩,魚,ʌ
鴉,魚,ʌ
椏,魚,ʌ
丫,魚,ʌ
巴,魚,ʌ
笆,魚,ʌ
豝,魚,ʌ
芭,魚,ʌ
叉,歌,ʌl
杈,歌,ʌl
差,歌,ʌl
艖,歌,ʌl
鯊,歌,ʌl
沙,歌,ʌl
裟,歌,ʌl
紗,歌,ʌl
牙,魚,ʌ
衙,魚,ʌ
芽,魚,ʌ
茶,魚,ʌ
斜,魚,ʌ
邪,魚,ʌ
余,魚,ʌ
窊,魚,ʌ
洼,支,ə
蛙,支,ə
窪,支,ə
哇,支,ə
髽,歌,ʌl
杷,魚,ʌ
琶,魚,ʌ
楂,魚,ʌ
查,魚,ʌ
槎,歌,ʌl
苴,魚,ʌ
爹,歌,ʌl
陽,陽,ʌŋ
暘,陽,ʌŋ
楊,陽,ʌŋ
揚,陽,ʌŋ
颺,陽,ʌŋ
昜,陽,ʌŋ
羊,陽,ʌŋ
佯,陽,ʌŋ
徉,陽,ʌŋ
洋,陽,ʌŋ
煬,陽,ʌŋ
鍚,陽,ʌŋ
瘍,陽,ʌŋ
詳,陽,ʌŋ
翔,陽,ʌŋ
庠,陽,ʌŋ
祥,陽,ʌŋ
良,陽,ʌŋ
梁,陽,ʌŋ
粱,陽,ʌŋ
粮,陽,ʌŋ
糧,陽,ʌŋ
涼,陽,ʌŋ
凉,陽,ʌŋ
量,陽,ʌŋ
輬,陽,ʌŋ
香,陽,ʌŋ
薌,陽,ʌŋ
鄉,陽,ʌŋ
商,陽,ʌŋ
傷,陽,ʌŋ
殤,陽,ʌŋ
觴,陽,ʌŋ
湯,陽,ʌŋ
房,陽,ʌŋ
防,陽,ʌŋ
魴,陽,ʌŋ
肪,陽,ʌŋ
章,陽,ʌŋ
漳,陽,ʌŋ
樟,陽,ʌŋ
璋,陽,ʌŋ
彰,陽,ʌŋ
麞,陽,ʌŋ
鄣,陽,ʌŋ
昌,陽,ʌŋ
猖,陽,ʌŋ
閶,陽,ʌŋ
鯧,陽,ʌŋ
菖,陽,ʌŋ
羌,陽,ʌŋ
薑,陽,ʌŋ
疆,陽,ʌŋ
繮,陽,ʌŋ
韁,陽,ʌŋ
殭,陽,ʌŋ
礓,陽,ʌŋ
姜,陽,ʌŋ
僵,陽,ʌŋ
長,陽,ʌŋ
萇,陽,ʌŋ
腸,陽,ʌŋ
場,陽,ʌŋ
張,陽,ʌŋ
粻,陽,ʌŋ
穰,陽,ʌŋ
禳,陽,ʌŋ
攘,陽,ʌŋ
瀼,陽,ʌŋ
瓤,陽,ʌŋ
方,陽,ʌŋ
坊,陽,ʌŋ
枋,陽,ʌŋ
襄,陽,ʌŋ
廂,陽,ʌŋ
湘,陽,ʌŋ
相,陽,ʌŋ
驤,陽,ʌŋ
箱,陽,ʌŋ
將,陽,ʌŋ
漿,陽,ʌŋ
創,陽,ʌŋ
瘡,陽,ʌŋ
亡,陽,ʌŋ
芒,陽,ʌŋ
鋩,陽,ʌŋ
忘,陽,ʌŋ
娘,陽,ʌŋ
牀,陽,ʌŋ
床,陽,ʌŋ
莊,陽,ʌŋ
妝,陽,ʌŋ
裝,陽,ʌŋ
常,陽,ʌŋ
裳,陽,ʌŋ
嘗,陽,ʌŋ
鱨,陽,ʌŋ
償,陽,ʌŋ
霜,陽,ʌŋ
鸘,陽,ʌŋ
孀,陽,ʌŋ
牆,陽,ʌŋ
墻,陽,ʌŋ
嬙,陽,ʌŋ
檣,陽,ʌŋ
戕,陽,ʌŋ
鏘,陽,ʌŋ
瑲,陽,ʌŋ
槍,陽,ʌŋ
蹌,陽,ʌŋ
蹡,陽,ʌŋ
斨,陽,ʌŋ
搶,陽,ʌŋ
匡,陽,ʌŋ
筐,陽,ʌŋ
眶,陽,ʌŋ
王,陽,ʌŋ
央,陽,ʌŋ
鴦,陽,ʌŋ
殃,陽,ʌŋ
秧,陽,ʌŋ
泱,陽,ʌŋ
強,陽,ʌŋ
彊,陽,ʌŋ
芳,陽,ʌŋ
妨,陽,ʌŋ
狂,陽,ʌŋ
唐,陽,ʌŋ
堂,陽,ʌŋ
棠,陽,ʌŋ
搪,陽,ʌŋ
螗,陽,ʌŋ
螳,陽,ʌŋ
塘,陽,ʌŋ
溏,陽,ʌŋ
郎,陽,ʌŋ
稂,陽,ʌŋ
廊,陽,ʌŋ
浪,陽,ʌŋ
琅,陽,ʌŋ
狼,陽,ʌŋ
閬,陽,ʌŋ
當,陽,ʌŋ
璫,陽,ʌŋ
倉,陽,ʌŋ
蒼,陽,ʌŋ
鶬,陽,ʌŋ
滄,陽,ʌŋ
岡,陽,ʌŋ
崗,陽,ʌŋ
剛,陽,ʌŋ
笐,陽,ʌŋ
鋼,陽,ʌŋ
綱,陽,ʌŋ
亢,陽,ʌŋ
桑,陽,ʌŋ
喪,陽,ʌŋ
康,陽,ʌŋ
穅,陽,ʌŋ
糠,陽,ʌŋ
荒,陽,ʌŋ
肓,陽,ʌŋ
黃,陽,ʌŋ
皇,陽,ʌŋ
璜,陽,ʌŋ
惶,陽,ʌŋ
遑,陽,ʌŋ
潢,陽,ʌŋ
煌,陽,ʌŋ
簧,陽,ʌŋ
隍,陽,ʌŋ
篁,陽,ʌŋ
蝗,陽,ʌŋ
凰,陽,ʌŋ
蟥,陽,ʌŋ
光,陽,ʌŋ
洸,陽,ʌŋ
桄,陽,ʌŋ
湯,陽,ʌŋ
鏜,陽,ʌŋ
滂,陽,ʌŋ
雱,陽,ʌŋ
䨦,陽,ʌŋ
汪,陽,ʌŋ
尪,陽,ʌŋ
炕,陽,ʌŋ
航,陽,ʌŋ
桁,陽,ʌŋ
行,陽,ʌŋ
頏,陽,ʌŋ
杭,陽,ʌŋ
沆,陽,ʌŋ
吭,陽,ʌŋ
茫,陽,ʌŋ
忙,陽,ʌŋ
邙,陽,ʌŋ
芒,陽,ʌŋ
臧,陽,ʌŋ
牂,陽,ʌŋ
贓,陽,ʌŋ
囊,陽,ʌŋ
傍,陽,ʌŋ
膀,陽,ʌŋ
房,陽,ʌŋ
旁,陽,ʌŋ
卬,陽,ʌŋ
昂,陽,ʌŋ
藏,陽,ʌŋ
幫,東,ɒŋ
庚,陽,ʌŋ
鶊,陽,ʌŋ
更,陽,ʌŋ
稉,陽,ʌŋ
粳,陽,ʌŋ
賡,陽,ʌŋ
羹,陽,ʌŋ
坑,陽,ʌŋ
盲,陽,ʌŋ
蝱,陽,ʌŋ
橫,陽,ʌŋ
黌,陽,ʌŋ
喤,陽,ʌŋ
祊,陽,ʌŋ
觥,陽,ʌŋ
彭,陽,ʌŋ
亨,陽,ʌŋ
瞠,陽,ʌŋ
橕,陽,ʌŋ
鐺,陽,ʌŋ
英,陽,ʌŋ
瑛,陽,ʌŋ
亨,陽,ʌŋ
平,耕,əŋ
評,耕,əŋ
苹,耕,əŋ
枰,耕,əŋ
坪,耕,əŋ
驚,耕,əŋ
京,陽,ʌŋ
荊,耕,əŋ
麖,陽,ʌŋ
明,陽,ʌŋ
盟,陽,ʌŋ
鳴,耕,əŋ
棖,陽,ʌŋ
䟫,陽,ʌŋ
榮,耕,əŋ
瑩,耕,əŋ
嶸,耕,əŋ
兵,陽,ʌŋ
兄,陽,ʌŋ
卿,陽,ʌŋ
生,耕,əŋ
笙,耕,əŋ
牲,耕,əŋ
猩,耕,əŋ
甥,耕,əŋ
擎,耕,əŋ
勍,陽,ʌŋ
黥,陽,ʌŋ
鯨,陽,ʌŋ
檠,耕,əŋ
迎,陽,ʌŋ
行,陽,ʌŋ
衡,陽,ʌŋ
珩,陽,ʌŋ
桁,陽,ʌŋ
耕,耕,əŋ
鏗,真,ən
誙,耕,əŋ
硜,耕,əŋ
甍,蒸,ɔɪŋ
萌,陽,ʌŋ
氓,陽,ʌŋ
宏,蒸,ɔɪŋ
紘,蒸,ɔɪŋ
閎,蒸,ɔɪŋ
嶸,耕,əŋ
鈜,蒸,ɔɪŋ
莖,耕,əŋ
丁,耕,əŋ
甖,耕,əŋ
鶯,耕,əŋ
嚶,耕,əŋ
櫻,耕,əŋ
鸚,耕,əŋ
崢,耕,əŋ
琤,耕,əŋ
錚,耕,əŋ
怦,耕,əŋ
抨,耕,əŋ
轟,耕,əŋ
訇,耕,əŋ
繃,蒸,ɔɪŋ
橙,蒸,ɔɪŋ
泓,蒸,ɔɪŋ
棚,蒸,ɔɪŋ
爭,耕,əŋ
箏,耕,əŋ
清,耕,əŋ
圊,耕,əŋ
情,耕,əŋ
晴,耕,əŋ
精,耕,əŋ
菁,耕,əŋ
晶,耕,əŋ
睛,耕,əŋ
旌,耕,əŋ
盈,耕,əŋ
嬴,耕,əŋ
瀛,耕,əŋ
贏,耕,əŋ
營,耕,əŋ
塋,耕,əŋ
嬰,耕,əŋ
纓,耕,əŋ
貞,耕,əŋ
楨,耕,əŋ
禎,耕,əŋ
檉,耕,əŋ
赬,耕,əŋ
成,耕,əŋ
城,耕,əŋ
誠,耕,əŋ
宬,耕,əŋ
郕,耕,əŋ
盛,耕,əŋ
呈,耕,əŋ
程,耕,əŋ
酲,耕,əŋ
裎,耕,əŋ
聲,耕,əŋ
征,耕,əŋ
鉦,耕,əŋ
怔,耕,əŋ
正,耕,əŋ
輕,耕,əŋ
𨆪,耕,əŋ
名,耕,əŋ
并,耕,əŋ
縈,耕,əŋ
瓊,耕,əŋ
煢,耕,əŋ
瞏,耕,əŋ
惸,耕,əŋ
嬛,耕,əŋ
騂,真,ən
頸,耕,əŋ
青,耕,əŋ
鯖,耕,əŋ
經,耕,əŋ
涇,耕,əŋ
刑,耕,əŋ
形,耕,əŋ
邢,耕,əŋ
鉶,耕,əŋ
陘,耕,əŋ
硎,耕,əŋ
庭,耕,əŋ
停,耕,əŋ
葶,耕,əŋ
亭,耕,əŋ
霆,耕,əŋ
蜓,耕,əŋ
廷,耕,əŋ
丁,耕,əŋ
釘,耕,əŋ
玎,耕,əŋ
靪,耕,əŋ
馨,耕,əŋ
星,耕,əŋ
腥,耕,əŋ
鯹,耕,əŋ
醒,耕,əŋ
猩,耕,əŋ
俜,耕,əŋ
姘,耕,əŋ
靈,耕,əŋ
齡,耕,əŋ
囹,耕,əŋ
鴒,耕,əŋ
蛉,耕,əŋ
鈴,耕,əŋ
苓,耕,əŋ
櫺,耕,əŋ
柃,耕,əŋ
伶,耕,əŋ
瓴,耕,əŋ
聆,耕,əŋ
零,耕,əŋ
令,耕,əŋ
翎,耕,əŋ
冷,耕,əŋ
寧,耕,əŋ
汀,耕,əŋ
聽,耕,əŋ
廳,耕,əŋ
冥,耕,əŋ
銘,耕,əŋ
溟,耕,əŋ
螟,耕,əŋ
蓂,耕,əŋ
暝,耕,əŋ
瓶,耕,əŋ
缾,耕,əŋ
屏,耕,əŋ
萍,耕,əŋ
熒,耕,əŋ
螢,耕,əŋ
滎,耕,əŋ
扃,耕,əŋ
駉,耕,əŋ
坰,耕,əŋ
蒸,蒸,ɔɪŋ
烝,蒸,ɔɪŋ
承,蒸,ɔɪŋ
丞,蒸,ɔɪŋ
澄,蒸,ɔɪŋ
懲,蒸,ɔɪŋ
陵,蒸,ɔɪŋ
淩,蒸,ɔɪŋ
綾,蒸,ɔɪŋ
凌,蒸,ɔɪŋ
菱,蒸,ɔɪŋ
膺,蒸,ɔɪŋ
應,蒸,ɔɪŋ
鷹,蒸,ɔɪŋ
凭,蒸,ɔɪŋ
馮,蒸,ɔɪŋ
憑,蒸,ɔɪŋ
冰,蒸,ɔɪŋ
蠅,蒸,ɔɪŋ
繩,蒸,ɔɪŋ
乘,蒸,ɔɪŋ
塍,蒸,ɔɪŋ
升,蒸,ɔɪŋ
昇,蒸,ɔɪŋ
陞,蒸,ɔɪŋ
勝,蒸,ɔɪŋ
仍,蒸,ɔɪŋ
扔,蒸,ɔɪŋ
陾,蒸,ɔɪŋ
兢,蒸,ɔɪŋ
矜,侵,ɔm
徵,蒸,ɔɪŋ
繒,蒸,ɔɪŋ
凝,蒸,ɔɪŋ
興,蒸,ɔɪŋ
稱,蒸,ɔɪŋ
登,蒸,ɔɪŋ
燈,蒸,ɔɪŋ
簦,蒸,ɔɪŋ
棱,蒸,ɔɪŋ
僧,蒸,ɔɪŋ
崩,蒸,ɔɪŋ
增,蒸,ɔɪŋ
憎,蒸,ɔɪŋ
曾,蒸,ɔɪŋ
矰,蒸,ɔɪŋ
罾,蒸,ɔɪŋ
瞢,蒸,ɔɪŋ
層,蒸,ɔɪŋ
曾,蒸,ɔɪŋ
朋,蒸,ɔɪŋ
鵬,蒸,ɔɪŋ
弘,蒸,ɔɪŋ
鞃,蒸,ɔɪŋ
肱,蒸,ɔɪŋ
薨,蒸,ɔɪŋ
能,蒸,ɔɪŋ
騰,蒸,ɔɪŋ
滕,蒸,ɔɪŋ
縢,蒸,ɔɪŋ
藤,蒸,ɔɪŋ
謄,蒸,ɔɪŋ
恆,蒸,ɔɪŋ
尤,之,ɔɪ
疣,之,ɔɪ
郵,之,ɔɪ
訧,之,ɔɪ
憂,幽,ɔ
優,幽,ɔ
麀,幽,ɔ
耰,幽,ɔ
劉,幽,ɔ
留,幽,ɔ
鶹,幽,ɔ
騮,幽,ɔ
駵,幽,ɔ
流,幽,ɔ
瘤,幽,ɔ
榴,幽,ɔ
旒,幽,ɔ
瀏,幽,ɔ
遛,幽,ɔ
秋,幽,ɔ
鞦,幽,ɔ
湫,幽,ɔ
鶖,幽,ɔ
鰍,幽,ɔ
楸,幽,ɔ
猷,幽,ɔ
猶,幽,ɔ
悠,幽,ɔ
油,幽,ɔ
由,幽,ɔ
攸,幽,ɔ
蕕,幽,ɔ
輶,幽,ɔ
蘨,宵,o
蝣,幽,ɔ
楢,幽,ɔ
游,幽,ɔ
遊,幽,ɔ
揄,侯,ɒ
繇,宵,o
庮,幽,ɔ
牛,之,ɔɪ
遒,幽,ɔ
啾,幽,ɔ
揫,幽,ɔ
湫,幽,ɔ
酋,幽,ɔ
遒,幽,ɔ
蝤,幽,ɔ
脩,幽,ɔ
修,幽,ɔ
羞,幽,ɔ
抽,幽,ɔ
婤,幽,ɔ
瘳,幽,ɔ
妯,幽,ɔ
犫,幽,ɔ
周,幽,ɔ
州,幽,ɔ
洲,幽,ɔ
賙,幽,ɔ
舟,幽,ɔ
讎,幽,ɔ
酬,幽,ɔ
醻,幽,ɔ
柔,幽,ɔ
鍒,幽,ɔ
蹂,幽,ɔ
鞣,幽,ɔ
揉,幽,ɔ
收,幽,ɔ
丘,之,ɔɪ
蚯,之,ɔɪ
邱,之,ɔɪ
紑,之,ɔɪ
鳩,幽,ɔ
鬮,之,ɔɪ
龜,之,ɔɪ
不,之,ɔɪ
搜,幽,ɔ
搊,侯,ɒ
鄒,侯,ɒ
騶,侯,ɒ
陬,侯,ɒ
愁,幽,ɔ
休,幽,ɔ
貅,幽,ɔ
鵂,幽,ɔ
庥,幽,ɔ
咻,幽,ɔ
囚,幽,ɔ
泅,幽,ɔ
儔,幽,ɔ
躊,幽,ɔ
幬,幽,ɔ
裯,幽,ɔ
疇,幽,ɔ
紬,幽,ɔ
綢,幽,ɔ
稠,幽,ɔ
棸,侯,ɒ
輈,幽,ɔ
啁,幽,ɔ
侜,幽,ɔ
裘,幽,ɔ
仇,幽,ɔ
厹,幽,ɔ
求,幽,ɔ
逑,幽,ɔ
球,幽,ɔ
艽,幽,ɔ
賕,幽,ɔ
俅,幽,ɔ
絿,幽,ɔ
銶,幽,ɔ
毬,幽,ɔ
捄,幽,ɔ
浮,幽,ɔ
罦,幽,ɔ
芣,之,ɔɪ
蜉,幽,ɔ
謀,之,ɔɪ
眸,幽,ɔ
牟,幽,ɔ
侔,幽,ɔ
矛,幽,ɔ
鍪,幽,ɔ
麰,幽,ɔ
蟊,幽,ɔ
繆,幽,ɔ
侯,侯,ɒ
鍭,侯,ɒ
猴,侯,ɒ
糇,侯,ɒ
餱,侯,ɒ
喉,侯,ɒ
篌,侯,ɒ
謳,侯,ɒ
歐,侯,ɒ
甌,侯,ɒ
區,侯,ɒ
漚,侯,ɒ
鷗,侯,ɒ
樓,侯,ɒ
婁,侯,ɒ
蔞,侯,ɒ
僂,侯,ɒ
艛,侯,ɒ
耬,侯,ɒ
髏,侯,ɒ
摟,侯,ɒ
慺,侯,ɒ
摳,侯,ɒ
偷,侯,ɒ
媮,侯,ɒ
頭,侯,ɒ
投,侯,ɒ
鉤,侯,ɒ
溝,侯,ɒ
韝,侯,ɒ
緱,侯,ɒ
篝,侯,ɒ
冓,侯,ɒ
枸,侯,ɒ
句,侯,ɒ
兜,侯,ɒ
篼,侯,ɒ
鯫,侯,ɒ
裒,幽,ɔ
抔,之,ɔɪ
掊,之,ɔɪ
幽,幽,ɔ
呦,幽,ɔ
虯,幽,ɔ
觩,幽,ɔ
彪,幽,ɔ
樛,幽,ɔ
烋,幽,ɔ
侵,侵,ɔm
駸,侵,ɔm
浸,侵,ɔm
尋,侵,ɔm
鐔,侵,ɔm
潯,侵,ɔm
鬵,侵,ɔm
林,侵,ɔm
琳,侵,ɔm
淋,侵,ɔm
臨,侵,ɔm
痲,侵,ɔm
霖,侵,ɔm
琛,侵,ɔm
綝,侵,ɔm
郴,侵,ɔm
斟,侵,ɔm
針,侵,ɔm
箴,侵,ɔm
沈,侵,ɔm
沉,侵,ɔm
霃,侵,ɔm
湛,侵,ɔm
鈂,侵,ɔm
椹,侵,ɔm
諶,侵,ɔm
忱,侵,ɔm
煁,侵,ɔm
任,侵,ɔm
壬,侵,ɔm
紝,侵,ɔm
深,侵,ɔm
𦸂,侵,ɔm
淫,侵,ɔm
霪,侵,ɔm
婬,侵,ɔm
蟫,侵,ɔm
心,侵,ɔm
綅,侵,ɔm
𥍯,侵,ɔm
琴,侵,ɔm
擒,侵,ɔm
禽,侵,ɔm
芩,侵,ɔm
檎,侵,ɔm
欽,侵,ɔm
衾,侵,ɔm
嶔,侵,ɔm
吟,侵,ɔm
崟,侵,ɔm
歆,侵,ɔm
金,侵,ɔm
今,侵,ɔm
衿,侵,ɔm
襟,侵,ɔm
禁,侵,ɔm
音,侵,ɔm
陰,侵,ɔm
瘖,侵,ɔm
喑,侵,ɔm
森,侵,ɔm
參,侵,ɔm
槮,侵,ɔm
岑,侵,ɔm
涔,侵,ɔm
簪,侵,ɔm
參,侵,ɔm
覃,侵,ɔm
潭,侵,ɔm
曇,侵,ɔm
譚,侵,ɔm
燂,侵,ɔm
壜,侵,ɔm
鐔,侵,ɔm
參,侵,ɔm
驂,侵,ɔm
南,侵,ɔm
男,侵,ɔm
楠,侵,ɔm
諳,侵,ɔm
媕,談,ʌm
庵,談,ʌm
喑,侵,ɔm
含,侵,ɔm
涵,談,ʌm
函,談,ʌm
頷,侵,ɔm
婪,侵,ɔm
燣,侵,ɔm
嵐,侵,ɔm
蠶,侵,ɔm
簪,侵,ɔm
䐶,侵,ɔm
鐕,侵,ɔm
探,侵,ɔm
貪,侵,ɔm
耽,侵,ɔm
湛,侵,ɔm
眈,侵,ɔm
酖,侵,ɔm
龕,侵,ɔm
堪,侵,ɔm
戡,侵,ɔm
弇,談,ʌm
談,談,ʌm
郯,談,ʌm
惔,談,ʌm
錟,談,ʌm
痰,談,ʌm
澹,談,ʌm
餤,談,ʌm
甘,談,ʌm
柑,談,ʌm
泔,談,ʌm
擔,談,ʌm
儋,談,ʌm
三,侵,ɔm
藍,談,ʌm
襤,談,ʌm
籃,談,ʌm
聃,談,ʌm
慚,談,ʌm
酣,談,ʌm
鹽,談,ʌm
閻,談,ʌm
檐,談,ʌm
簷,談,ʌm
廉,談,ʌm
鐮,談,ʌm
簾,談,ʌm
蠊,談,ʌm
砭,談,ʌm
銛,談,ʌm
纖,談,ʌm
憸,談,ʌm
籤,談,ʌm
槧,談,ʌm
僉,談,ʌm
詹,談,ʌm
瞻,談,ʌm
占,談,ʌm
蟾,談,ʌm
苫,談,ʌm
幨,談,ʌm
襜,談,ʌm
髯,談,ʌm
蚺,談,ʌm
冉,談,ʌm
黏,談,ʌm
炎,談,ʌm
霑,談,ʌm
沾,談,ʌm
覘,談,ʌm
淹,談,ʌm
醃,談,ʌm
閹,談,ʌm
殲,談,ʌm
漸,談,ʌm
潛,侵,ɔm
鉗,談,ʌm
黔,侵,ɔm
鍼,侵,ɔm
鈐,侵,ɔm
猒,談,ʌm
䅧,侵,ɔm
添,談,ʌm
甜,談,ʌm
恬,談,ʌm
謙,談,ʌm
兼,談,ʌm
縑,談,ʌm
鶼,談,ʌm
蒹,談,ʌm
鰜,談,ʌm
嫌,談,ʌm
鮎,談,ʌm
拈,談,ʌm
咸,侵,ɔm
鹹,侵,ɔm
醎,侵,ɔm
諴,侵,ɔm
椷,侵,ɔm
緘,侵,ɔm
摻,侵,ɔm
杉,侵,ɔm
黯,侵,ɔm
讒,談,ʌm
毚,談,ʌm
銜,談,ʌm
巉,談,ʌm
劖,談,ʌm
鑱,談,ʌm
巖,談,ʌm
攙,談,ʌm
衫,侵,ɔm
芟,談,ʌm
監,談,ʌm
嵌,談,ʌm
嚴,談,ʌm
杴,談,ʌm
凡,侵,ɔm
帆,侵,ɔm
董,東,ɒŋ
蝀,東,ɒŋ
蠓,東,ɒŋ
曚,東,ɒŋ
懵,蒸,ɔɪŋ
孔,東,ɒŋ
桶,東,ɒŋ
緫,東,ɒŋ
揔,東,ɒŋ
澒,東,ɒŋ
汞,東,ɒŋ
滃,東,ɒŋ
琫,東,ɒŋ
籠,東,ɒŋ
攏,東,ɒŋ
動,東,ɒŋ
菶,東,ɒŋ
唪,東,ɒŋ
腫,東,ɒŋ
種,東,ɒŋ
踵,東,ɒŋ
寵,東,ɒŋ
隴,東,ɒŋ
壠,東,ɒŋ
擁,東,ɒŋ
宂,東,ɒŋ
重,東,ɒŋ
冢,東,ɒŋ
塚,東,ɒŋ
奉,東,ɒŋ
唪,東,ɒŋ
捧,東,ɒŋ
勇,東,ɒŋ
涌,東,ɒŋ
踊,東,ɒŋ
俑,東,ɒŋ
恐,東,ɒŋ
尰,東,ɒŋ
拱,東,ɒŋ
鞏,東,ɒŋ
珙,東,ɒŋ
悚,東,ɒŋ
竦,東,ɒŋ
慫,東,ɒŋ
聳,東,ɒŋ
洶,東,ɒŋ
詾,東,ɒŋ
講,東,ɒŋ
港,東,ɒŋ
棒,東,ɒŋ
蚌,東,ɒŋ
項,東,ɒŋ
紙,支,ə
只,支,ə
軹,支,ə
枳,支,ə
咫,支,ə
砥,脂,əl
是,支,ə
靡,歌,ʌl
蘼,歌,ʌl
彼,歌,ʌl
被,歌,ʌl
毀,微,ɔl
燬,微,ɔl
委,微,ɔl
跪,歌,ʌl
詭,歌,ʌl
垝,歌,ʌl
髓,歌,ʌl
垒,微,ɔl
技,支,ə
妓,支,ə
倚,歌,ʌl
猗,歌,ʌl
椅,歌,ʌl
旖,歌,ʌl
掎,歌,ʌl
剞,歌,ʌl
綺,歌,ʌl
蟻,歌,ʌl
艤,歌,ʌl
蒍,歌,ʌl
觜,支,ə
蘂,歌,ʌl
蕊,歌,ʌl
此,支,ə
跐,支,ə
佌,支,ə
玼,支,ə
泚,支,ə
豸,支,ə
徙,支,ə
壐,脂,əl
酏,歌,ʌl
迆,歌,ʌl
匜,歌,ʌl
邐,支,ə
屣,支,ə
俾,支,ə
鞞,支,ə
爾,脂,əl
邇,脂,əl
渳,支,ə
弭,支,ə
瀰,脂,əl
婢,支,ə
侈,歌,ʌl
哆,歌,ʌl
弛,歌,ʌl
豕,支,ə
紫,支,ə
訿,支,ə
訾,支,ə
呰,支,ə
捶,歌,ʌl
揣,歌,ʌl
舓,支,ə
𦧇,支,ə
舐,支,ə
庀,脂,əl
仳,脂,əl
旎,脂,əl
跪,歌,ʌl
褫,支,ə
杝,歌,ʌl
企,支,ə
旨,脂,əl
指,脂,əl
厎,脂,əl
視,脂,əl
美,脂,əl
鄙,之,ɔɪ
痞,之,ɔɪ
兕,脂,əl
几,脂,əl
麂,脂,əl
姊,脂,əl
秭,脂,əl
匕,脂,əl
妣,脂,əl
秕,脂,əl
比,脂,əl
軌,幽,ɔ
簋,幽,ɔ
晷,幽,ɔ
宄,幽,ɔ
匭,幽,ɔ
氿,幽,ɔ
洧,之,ɔɪ
鮪,之,ɔɪ
矢,脂,əl
𦳊,脂,əl
雉,脂,əl
死,脂,əl
牝,脂,əl
履,脂,əl
水,脂,əl
壘,微,ɔl
藟,微,ɔl
誄,微,ɔl
耒,微,ɔl
揆,脂,əl
趡,微,ɔl
癸,脂,əl
否,之,ɔɪ
痞,之,ɔɪ
圮,之,ɔɪ
嚭,之,ɔɪ
秠,之,ɔɪ
唯,微,ɔl
巋,微,ɔl
止,之,ɔɪ
沚,之,ɔɪ
趾,之,ɔɪ
址,之,ɔɪ
阯,之,ɔɪ
芷,之,ɔɪ
市,之,ɔɪ
恃,之,ɔɪ
畤,之,ɔɪ
徵,之,ɔɪ
喜,之,ɔɪ
蟢,之,ɔɪ
紀,之,ɔɪ
己,之,ɔɪ
以,之,ɔɪ
已,之,ɔɪ
苡,之,ɔɪ
苢,之,ɔɪ
似,之,ɔɪ
祀,之,ɔɪ
姒,之,ɔɪ
巳,之,ɔɪ
耜,之,ɔɪ
汜,之,ɔɪ
史,之,ɔɪ
使,之,ɔɪ
駛,之,ɔɪ
耳,之,ɔɪ
駬,之,ɔɪ
里,之,ɔɪ
裏,之,ɔɪ
鯉,之,ɔɪ
李,之,ɔɪ
理,之,ɔɪ
枲,之,ɔɪ
葸,之,ɔɪ
始,之,ɔɪ
峙,之,ɔɪ
痔,之,ɔɪ
畤,之,ɔɪ
庤,之,ɔɪ
起,之,ɔɪ
杞,之,ɔɪ
屺,之,ɔɪ
芑,之,ɔɪ
士,之,ɔɪ
仕,之,ɔɪ
𣐈,之,ɔɪ
子,之,ɔɪ
仔,之,ɔɪ
耔,之,ɔɪ
梓,之,ɔɪ
矣,之,ɔɪ
擬,之,ɔɪ
薿,之,ɔɪ
齒,之,ɔɪ
恥,之,ɔɪ
祉,之,ɔɪ
滓,之,ɔɪ
笫,脂,əl
尾,微,ɔl
亹,微,ɔl
娓,微,ɔl
扆,微,ɔl
豈,微,ɔl
蟣,微,ɔl
幾,微,ɔl
斐,微,ɔl
菲,微,ɔl
悱,微,ɔl
匪,微,ɔl
蜚,微,ɔl
韙,微,ɔl
煒,微,ɔl
偉,微,ɔl
葦,微,ɔl
韡,微,ɔl
鬼,微,ɔl
虺,微,ɔl
卉,微,ɔl
顗,微,ɔl
螘,微,ɔl
呂,魚,ʌ
膂,魚,ʌ
旅,魚,ʌ
侶,魚,ʌ
佇,魚,ʌ
竚,魚,ʌ
苧,魚,ʌ
紵,魚,ʌ
杼,魚,ʌ
羜,魚,ʌ
與,魚,ʌ
与,魚,ʌ
歟,魚,ʌ
予,魚,ʌ
煑,魚,ʌ
陼,魚,ʌ
渚,魚,ʌ
汝,魚,ʌ
暑,魚,ʌ
鼠,魚,ʌ
黍,魚,ʌ
癙,魚,ʌ
杵,魚,ʌ
處,魚,ʌ
貯,魚,ʌ
褚,魚,ʌ
諝,魚,ʌ
胥,魚,ʌ
醑,魚,ʌ
湑,魚,ʌ
糈,魚,ʌ
楮,魚,ʌ
褚,魚,ʌ
女,魚,ʌ
許,魚,ʌ
巨,魚,ʌ
拒,魚,ʌ
秬,魚,ʌ
距,魚,ʌ
炬,魚,ʌ
虡,魚,ʌ
苣,魚,ʌ
詎,魚,ʌ
所,魚,ʌ
楚,魚,ʌ
礎,魚,ʌ
憷,魚,ʌ
阻,魚,ʌ
俎,魚,ʌ
鉏,魚,ʌ
咀,魚,ʌ
沮,魚,ʌ
舉,魚,ʌ
莒,魚,ʌ
筥,魚,ʌ
柜,魚,ʌ
敘,魚,ʌ
緒,魚,ʌ
藇,魚,ʌ
序,魚,ʌ
嶼,魚,ʌ
鱮,魚,ʌ
去,魚,ʌ
紓,魚,ʌ
抒,魚,ʌ
杼,魚,ʌ
墅,魚,ʌ
咀,魚,ʌ
麌,魚,ʌ
俁,魚,ʌ
噳,魚,ʌ
羽,魚,ʌ
禹,魚,ʌ
雨,魚,ʌ
宇,魚,ʌ
聚,侯,ɒ
甫,魚,ʌ
脯,魚,ʌ
斧,魚,ʌ
俯,侯,ɒ
腑,侯,ɒ
簠,侯,ɒ
莆,魚,ʌ
父,魚,ʌ
武,魚,ʌ
舞,魚,ʌ
嫵,魚,ʌ
侮,之,ɔɪ
廡,魚,ʌ
膴,魚,ʌ
父,魚,ʌ
輔,魚,ʌ
𩒺,魚,ʌ
腐,侯,ɒ
釜,魚,ʌ
撫,魚,ʌ
拊,侯,ɒ
柱,侯,ɒ
詡,魚,ʌ
冔,魚,ʌ
栩,魚,ʌ
煦,侯,ɒ
豎,侯,ɒ
庾,侯,ɒ
窳,魚,ʌ
愈,侯,ɒ
瘉,侯,ɒ
主,侯,ɒ
麈,侯,ɒ
傴,侯,ɒ
拄,侯,ɒ
乳,侯,ɒ
窶,侯,ɒ
數,屋,ɒk
矩,魚,ʌ
榘,魚,ʌ
踽,魚,ʌ
枸,侯,ɒ
楀,魚,ʌ
取,侯,ɒ
縷,侯,ɒ
僂,侯,ɒ
褸,侯,ɒ
姥,幽,ɔ
土,魚,ʌ
吐,魚,ʌ
杜,魚,ʌ
肚,魚,ʌ
魯,魚,ʌ
櫓,魚,ʌ
滷,魚,ʌ
虜,魚,ʌ
擄,魚,ʌ
鹵,魚,ʌ
覩,魚,ʌ
睹,魚,ʌ
賭,魚,ʌ
堵,魚,ʌ
肚,魚,ʌ
古,魚,ʌ
鼓,魚,ʌ
鼔,魚,ʌ
瞽,魚,ʌ
股,魚,ʌ
罟,魚,ʌ
蠱,魚,ʌ
盬,魚,ʌ
羖,魚,ʌ
𦍩,魚,ʌ
詁,魚,ʌ
賈,魚,ʌ
沽,魚,ʌ
五,魚,ʌ
午,魚,ʌ
伍,魚,ʌ
仵,魚,ʌ
簿,魚,ʌ
部,之,ɔɪ
駔,魚,ʌ
祖,魚,ʌ
組,魚,ʌ
虎,魚,ʌ
琥,魚,ʌ
滸,魚,ʌ
隖,魚,ʌ
塢,魚,ʌ
鄔,魚,ʌ
䛩,魚,ʌ
苦,魚,ʌ
怒,魚,ʌ
弩,魚,ʌ
努,魚,ʌ
戶,魚,ʌ
楛,魚,ʌ
扈,魚,ʌ
怙,魚,ʌ
鄠,魚,ʌ
祜,魚,ʌ
岵,魚,ʌ
普,魚,ʌ
溥,魚,ʌ
浦,魚,ʌ
補,魚,ʌ
譜,魚,ʌ
薺,脂,əl
禮,脂,əl
蠡,脂,əl
醴,脂,əl
鱧,支,ə
體,脂,əl
䫌,支,ə
濟,脂,əl
邸,脂,əl
底,脂,əl
詆,脂,əl
坻,脂,əl
抵,脂,əl
牴,脂,əl
柢,脂,əl
弤,脂,əl
弟,脂,əl
娣,脂,əl
悌,脂,əl
禰,脂,əl
瀰,脂,əl
洗,文,ɔn
啟,脂,əl
棨,脂,əl
綮,脂,əl
稽,脂,əl
徯,支,ə
謑,支,ə
米,脂,əl
眯,脂,əl
陛,脂,əl
髀,支,ə
蟹,支,ə
解,支,ə
買,支,ə
廌,支,ə
豸,支,ə
罷,歌,ʌl
解,支,ə
灑,支,ə
駭,之,ɔɪ
楷,脂,əl
鍇,脂,əl
騃,之,ɔɪ
挨,之,ɔɪ
唉,之,ɔɪ
賄,之,ɔɪ
悔,之,ɔɪ
猥,微,ɔl
磊,微,ɔl
儡,微,ɔl
錞,微,ɔl
罪,微,ɔl
浼,元,ʌn
每,之,ɔɪ
匯,微,ɔl
䫥,微,ɔl
傀,微,ɔl
磈,微,ɔl
餧,微,ɔl
餒,微,ɔl
隗,微,ɔl
漼,微,ɔl
璀,微,ɔl
槯,微,ɔl
海,之,ɔɪ
醢,之,ɔɪ
愷,微,ɔl
凱,微,ɔl
塏,微,ɔl
暟,微,ɔl
鎧,微,ɔl
宰,之,ɔɪ
載,之,ɔɪ
駘,之,ɔɪ
殆,之,ɔɪ
待,之,ɔɪ
怠,之,ɔɪ
迨,之,ɔɪ
紿,之,ɔɪ
詒,之,ɔɪ
乃,之,ɔɪ
迺,之,ɔɪ
鼐,之,ɔɪ
改,之,ɔɪ
頦,之,ɔɪ
亥,之,ɔɪ
采,之,ɔɪ
採,之,ɔɪ
綵,之,ɔɪ
寀,之,ɔɪ
彩,之,ɔɪ
在,之,ɔɪ
欸,之,ɔɪ
毐,之,ɔɪ
倍,之,ɔɪ
蓓,之,ɔɪ
軫,真,ən
疹,真,ən
畛,真,ən
鬒,真,ən
診,真,ən
稹,真,ən
腎,真,ən
蜃,文,ɔn
忍,文,ɔn
矧,真,ən
哂,文,ɔn
紖,真,ən
緊,真,ən
盡,真,ən
盡,真,ən
牝,真,ən
髕,真,ən
窘,文,ɔn
菌,文,ɔn
囷,文,ɔn
引,真,ən
蚓,真,ən
靷,真,ən
愍,真,ən
憫,文,ɔn
閔,文,ɔn
敏,之,ɔɪ
泯,真,ən
僶,蒸,ɔɪŋ
黽,蒸,ɔɪŋ
澠,蒸,ɔɪŋ
殞,文,ɔn
磒,文,ɔn
隕,文,ɔn
準,文,ɔn
准,文,ɔn
尹,真,ən
允,文,ɔn
狁,文,ɔn
筍,真,ən
笋,真,ən
隼,文,ɔn
蠢,文,ɔn
惷,文,ɔn
盾,文,ɔn
吮,文,ɔn
螼,文,ɔn
吻,文,ɔn
刎,文,ɔn
粉,文,ɔn
憤,文,ɔn
忿,文,ɔn
惲,文,ɔn
蘊,文,ɔn
縕,文,ɔn
醞,文,ɔn
𤸫,文,ɔn
隱,文,ɔn
謹,文,ɔn
槿,文,ɔn
堇,文,ɔn
巹,蒸,ɔɪŋ
近,文,ɔn
阮,元,ʌn
遠,元,ʌn
偃,元,ʌn
堰,元,ʌn
鼴,元,ʌn
鰋,元,ʌn
晚,元,ʌn
輓,元,ʌn
反,元,ʌn
返,元,ʌn
圈,元,ʌn
卷,元,ʌn
婉,元,ʌn
菀,元,ʌn
苑,元,ʌn
畹,元,ʌn
宛,元,ʌn
綣,元,ʌn
咺,元,ʌn
混,文,ɔn
忖,文,ɔn
本,文,ɔn
𤲙,元,ʌn
損,文,ɔn
撙,文,ɔn
噂,文,ɔn
穩,文,ɔn
囤,文,ɔn
盾,文,ɔn
沌,文,ɔn
袞,文,ɔn
緄,文,ɔn
鯀,文,ɔn
笨,文,ɔn
很,文,ɔn
墾,文,ɔn
懇,文,ɔn
齦,文,ɔn
詪,文,ɔn
旱,元,ʌn
亶,元,ʌn
疸,元,ʌn
坦,元,ʌn
散,元,ʌn
饊,元,ʌn
繖,元,ʌn
但,元,ʌn
瓚,元,ʌn
趲,元,ʌn
簳,元,ʌn
秆,元,ʌn
懶,元,ʌn
侃,元,ʌn
䍐,元,ʌn
緩,元,ʌn
澣,元,ʌn
浣,元,ʌn
短,元,ʌn
椀,元,ʌn
盌,元,ʌn
疃,元,ʌn
管,元,ʌn
筦,元,ʌn
脘,元,ʌn
琯,元,ʌn
痯,元,ʌn
卵,元,ʌn
款,元,ʌn
暖,元,ʌn
纂,元,ʌn
纘,元,ʌn
酇,元,ʌn
伴,元,ʌn
拌,元,ʌn
滿,元,ʌn
懣,元,ʌn
昄,元,ʌn
斷,元,ʌn
緞,元,ʌn
綰,元,ʌn
版,元,ʌn
板,元,ʌn
昄,元,ʌn
赧,元,ʌn
戁,元,ʌn
僩,元,ʌn
皖,元,ʌn
莞,元,ʌn
阪,元,ʌn
撰,元,ʌn
饌,元,ʌn
產,元,ʌn
限,文,ɔn
簡,元,ʌn
柬,元,ʌn
剗,元,ʌn
鏟,元,ʌn
棧,元,ʌn
眼,文,ɔn
醆,元,ʌn
銑,文,ɔn
洗,文,ɔn
跣,文,ɔn
燹,文,ɔn
腆,文,ɔn
靦,元,ʌn
典,文,ɔn
殄,文,ɔn
繭,元,ʌn
趼,元,ʌn
峴,元,ʌn
晛,元,ʌn
蜆,元,ʌn
睍,元,ʌn
顯,元,ʌn
眄,元,ʌn
撚,元,ʌn
編,真,ən
泫,真,ən
鉉,真,ən
畎,元,ʌn
辮,元,ʌn
犬,元,ʌn
獮,脂,əl
鮮,元,ʌn
癬,元,ʌn
蘚,元,ʌn
演,元,ʌn
衍,元,ʌn
踐,元,ʌn
俴,元,ʌn
展,元,ʌn
輾,元,ʌn
燀,,
淺,元,ʌn
闡,元,ʌn
幝,元,ʌn
遣,元,ʌn
繾,元,ʌn
蹇,元,ʌn
謇,元,ʌn
搴,元,ʌn
善,元,ʌn
墠,元,ʌn
僐,元,ʌn
鄯,元,ʌn
翦,元,ʌn
剪,元,ʌn
戩,元,ʌn
錢,元,ʌn
熯,元,ʌn
𦆀,元,ʌn
輦,元,ʌn
讞,元,ʌn
件,元,ʌn
辯,元,ʌn
辨,元,ʌn
緬,元,ʌn
沔,元,ʌn
湎,元,ʌn
愐,元,ʌn
勔,元,ʌn
褊,真,ən
臇,元,ʌn
雋,元,ʌn
兗,元,ʌn
臠,元,ʌn
孌,元,ʌn
轉,元,ʌn
卷,元,ʌn
捲,元,ʌn
圈,元,ʌn
軟,元,ʌn
舛,元,ʌn
喘,元,ʌn
篆,元,ʌn
選,元,ʌn
免,元,ʌn
娩,元,ʌn
勉,元,ʌn
俛,元,ʌn
冕,元,ʌn
蕆,元,ʌn
㒄,元,ʌn
嫣,元,ʌn
棧,元,ʌn
篠,幽,ɔ
筱,幽,ɔ
皎,宵,o
皦,宵,o
繳,宵,o
儌,宵,o
鳥,幽,ɔ
蔦,幽,ɔ
了,宵,o
蓼,幽,ɔ
瞭,宵,o
撩,宵,o
朓,宵,o
曉,宵,o
杳,宵,o
窅,宵,o
窈,幽,ɔ
嫋,宵,o
褭,宵,o
嬈,宵,o
皛,宵,o
窕,宵,o
挑,宵,o
小,宵,o
兆,宵,o
趙,宵,o
旐,宵,o
沼,宵,o
夭,宵,o
少,宵,o
擾,幽,ɔ
繞,宵,o
嬈,宵,o
摽,宵,o
縹,宵,o
瞟,宵,o
眇,宵,o
渺,宵,o
淼,宵,o
杪,宵,o
秒,宵,o
藐,宵,o
紹,宵,o
矯,宵,o
撟,宵,o
表,宵,o
殍,幽,ɔ
莩,幽,ɔ
鷕,微,ɔl
舀,幽,ɔ
悄,宵,o
𠞰,宵,o
勦,宵,o
燎,宵,o
僚,宵,o
巧,幽,ɔ
飽,幽,ɔ
撓,宵,o
卯,幽,ɔ
昴,幽,ɔ
茆,幽,ɔ
絞,宵,o
狡,宵,o
佼,宵,o
攪,幽,ɔ
筊,宵,o
姣,宵,o
爪,宵,o
笊,宵,o
拗,幽,ɔ
鮑,幽,ɔ
鞄,幽,ɔ
齩,宵,o
炒,宵,o
晧,幽,ɔ
昊,宵,o
暤,幽,ɔ
鎬,宵,o
浩,幽,ɔ
顥,宵,o
灝,宵,o
鄗,宵,o
抱,幽,ɔ
老,幽,ɔ
獠,宵,o
轑,宵,o
潦,宵,o
討,幽,ɔ
道,幽,ɔ
稻,幽,ɔ
腦,宵,o
惱,宵,o
㛴,宵,o
嫂,幽,ɔ
燥,宵,o
埽,幽,ɔ
掃,幽,ɔ
倒,宵,o
擣,幽,ɔ
㨶,幽,ɔ
㠀,幽,ɔ
禱,幽,ɔ
草,幽,ɔ
懆,宵,o
慅,幽,ɔ
早,幽,ɔ
澡,宵,o
藻,宵,o
𧎮,幽,ɔ
璪,宵,o
棗,幽,ɔ
皁,幽,ɔ
造,幽,ɔ
杲,宵,o
藁,宵,o
縞,宵,o
好,幽,ɔ
寶,幽,ɔ
保,幽,ɔ
堡,幽,ɔ
褓,幽,ɔ
鴇,幽,ɔ
葆,幽,ɔ
襖,幽,ɔ
懊,幽,ɔ
媼,幽,ɔ
考,幽,ɔ
栲,幽,ɔ
哿,歌,ʌl
瑳,歌,ʌl
柁,歌,ʌl
我,歌,ʌl
硪,歌,ʌl
荷,歌,ʌl
何,歌,ʌl
可,歌,ʌl
岢,歌,ʌl
軻,歌,ʌl
坷,歌,ʌl
𨵌,歌,ʌl
妸,歌,ʌl
左,歌,ʌl
果,歌,ʌl
裹,歌,ʌl
蜾,歌,ʌl
埵,歌,ʌl
鬌,歌,ʌl
鎖,歌,ʌl
瑣,歌,ʌl
䵀,歌,ʌl
墮,歌,ʌl
垛,歌,ʌl
惰,歌,ʌl
鬌,歌,ʌl
嶞,歌,ʌl
妥,歌,ʌl
媠,歌,ʌl
橢,歌,ʌl
坐,歌,ʌl
裸,歌,ʌl
臝,歌,ʌl
蠃,歌,ʌl
婐,歌,ʌl
跛,歌,ʌl
簸,歌,ʌl
叵,歌,ʌl
頗,歌,ʌl
禍,歌,ʌl
夥,歌,ʌl
火,微,ɔl
顆,歌,ʌl
馬,魚,ʌ
者,魚,ʌ
赭,魚,ʌ
野,魚,ʌ
也,歌,ʌl
冶,魚,ʌ
雅,魚,ʌ
疋,魚,ʌ
嘏,魚,ʌ
假,魚,ʌ
叚,魚,ʌ
賈,魚,ʌ
斝,魚,ʌ
灑,支,ə
啞,魚,ʌ
下,魚,ʌ
夏,魚,ʌ
廈,魚,ʌ
寫,魚,ʌ
且,魚,ʌ
社,魚,ʌ
捨,魚,ʌ
舍,魚,ʌ
姐,魚,ʌ
把,魚,ʌ
踝,歌,ʌl
寡,魚,ʌ
冎,歌,ʌl
剮,歌,ʌl
瓦,歌,ʌl
若,魚,ʌ
惹,魚,ʌ
哆,歌,ʌl
髁,歌,ʌl
傻,歌,ʌl
養,陽,ʌŋ
痒,陽,ʌŋ
像,陽,ʌŋ
象,陽,ʌŋ
蟓,陽,ʌŋ
橡,陽,ʌŋ
獎,陽,ʌŋ
槳,陽,ʌŋ
蔣,陽,ʌŋ
兩,陽,ʌŋ
魎,陽,ʌŋ
鞅,陽,ʌŋ
詇,陽,ʌŋ
勥,陽,ʌŋ
彊,陽,ʌŋ
仰,陽,ʌŋ
卬,陽,ʌŋ
想,陽,ʌŋ
掌,陽,ʌŋ
爽,陽,ʌŋ
響,陽,ʌŋ
饗,陽,ʌŋ
蠁,陽,ʌŋ
亨,陽,ʌŋ
曏,陽,ʌŋ
敞,陽,ʌŋ
𢠵,陽,ʌŋ
氅,陽,ʌŋ
鏹,陽,ʌŋ
襁,陽,ʌŋ
丈,陽,ʌŋ
杖,陽,ʌŋ
仗,陽,ʌŋ
昶,陽,ʌŋ
獷,陽,ʌŋ
壤,陽,ʌŋ
穰,陽,ʌŋ
賞,陽,ʌŋ
饟,陽,ʌŋ
髣,陽,ʌŋ
彷,陽,ʌŋ
仿,陽,ʌŋ
紡,陽,ʌŋ
网,陽,ʌŋ
網,陽,ʌŋ
罔,陽,ʌŋ
輞,陽,ʌŋ
昉,陽,ʌŋ
枉,陽,ʌŋ
往,陽,ʌŋ
怳,陽,ʌŋ
長,陽,ʌŋ
上,陽,ʌŋ
蕩,陽,ʌŋ
盪,陽,ʌŋ
顙,陽,ʌŋ
廣,陽,ʌŋ
榜,陽,ʌŋ
牓,陽,ʌŋ
蒡,陽,ʌŋ
沆,陽,ʌŋ
儻,陽,ʌŋ
帑,魚,ʌ
莽,陽,ʌŋ
蟒,陽,ʌŋ
漭,陽,ʌŋ
黨,陽,ʌŋ
讜,陽,ʌŋ
朗,陽,ʌŋ
坱,陽,ʌŋ
慷,陽,ʌŋ
晃,陽,ʌŋ
𧧢,陽,ʌŋ
奘,陽,ʌŋ
梗,陽,ʌŋ
哽,陽,ʌŋ
綆,陽,ʌŋ
鯁,陽,ʌŋ
骾,陽,ʌŋ
丙,陽,ʌŋ
怲,陽,ʌŋ
邴,陽,ʌŋ
炳,陽,ʌŋ
秉,陽,ʌŋ
警,耕,əŋ
儆,耕,əŋ
景,陽,ʌŋ
㯳,耕,əŋ
影,陽,ʌŋ
省,耕,əŋ
眚,耕,əŋ
㾪,耕,əŋ
永,陽,ʌŋ
皿,陽,ʌŋ
憬,陽,ʌŋ
囧,陽,ʌŋ
杏,陽,ʌŋ
荇,陽,ʌŋ
猛,陽,ʌŋ
礦,陽,ʌŋ
鑛,陽,ʌŋ
冷,耕,əŋ
耿,耕,əŋ
幸,耕,əŋ
倖,耕,əŋ
靜,耕,əŋ
靖,耕,əŋ
穽,耕,əŋ
阱,耕,əŋ
整,耕,əŋ
逞,耕,əŋ
騁,耕,əŋ
郢,耕,əŋ
潁,耕,əŋ
穎,耕,əŋ
領,耕,əŋ
嶺,耕,əŋ
頸,耕,əŋ
餅,耕,əŋ
屏,耕,əŋ
頃,耕,əŋ
檾,耕,əŋ
丼,耕,əŋ
𨙷,耕,əŋ
癭,耕,əŋ
請,耕,əŋ
迥,耕,əŋ
泂,耕,əŋ
熲,耕,əŋ
炯,耕,əŋ
茗,耕,əŋ
酩,耕,əŋ
頂,耕,əŋ
鼎,耕,əŋ
酊,耕,əŋ
濎,,
挺,耕,əŋ
艇,耕,əŋ
鋌,耕,əŋ
梃,耕,əŋ
町,耕,əŋ
謦,耕,əŋ
婞,耕,əŋ
脛,耕,əŋ
醒,耕,əŋ
褧,耕,əŋ
剄,耕,əŋ
笭,耕,əŋ
冷,耕,əŋ
竝,陽,ʌŋ
並,陽,ʌŋ
詗,耕,əŋ
拯,蒸,ɔɪŋ
肯,蒸,ɔɪŋ
有,之,ɔɪ
友,之,ɔɪ
柳,幽,ɔ
罶,幽,ɔ
懰,幽,ɔ
綹,幽,ɔ
狃,幽,ɔ
紐,幽,ɔ
鈕,幽,ɔ
杻,幽,ɔ
丑,幽,ɔ
肘,幽,ɔ
朽,幽,ɔ
久,之,ɔɪ
九,幽,ɔ
玖,之,ɔɪ
灸,之,ɔɪ
韭,幽,ɔ
首,幽,ɔ
手,幽,ɔ
守,幽,ɔ
醜,幽,ɔ
魗,幽,ɔ
婦,之,ɔɪ
負,之,ɔɪ
阜,幽,ɔ
缶,幽,ɔ
否,之,ɔɪ
糗,幽,ɔ
舅,幽,ɔ
臼,幽,ɔ
咎,幽,ɔ
䊆,幽,ɔ
紂,幽,ɔ
酉,幽,ɔ
誘,幽,ɔ
㕗,之,ɔɪ
牖,幽,ɔ
卣,幽,ɔ
槱,幽,ɔ
莠,幽,ɔ
受,幽,ɔ
壽,幽,ɔ
綬,幽,ɔ
滫,幽,ɔ
懮,幽,ɔ
酒,幽,ɔ
帚,幽,ɔ
箒,幽,ɔ
厚,侯,ɒ
後,侯,ɒ
后,侯,ɒ
郈,侯,ɒ
母,之,ɔɪ
牡,幽,ɔ
某,之,ɔɪ
拇,之,ɔɪ
𠭇,之,ɔɪ
部,之,ɔɪ
瓿,之,ɔɪ
斗,侯,ɒ
枓,侯,ɒ
蚪,侯,ɒ
陡,侯,ɒ
抖,侯,ɒ
苟,侯,ɒ
狗,侯,ɒ
垢,侯,ɒ
耇,侯,ɒ
詬,侯,ɒ
枸,侯,ɒ
藕,侯,ɒ
偶,侯,ɒ
耦,侯,ɒ
叟,幽,ɔ
藪,侯,ɒ
吼,侯,ɒ
剖,之,ɔɪ
歐,侯,ɒ
嘔,侯,ɒ
毆,侯,ɒ
塿,侯,ɒ
簍,侯,ɒ
嶁,侯,ɒ
走,侯,ɒ
口,侯,ɒ
叩,侯,ɒ
黝,幽,ɔ
怮,幽,ɔ
糾,幽,ɔ
赳,幽,ɔ
寑,侵,ɔm
寢,侵,ɔm
朕,侵,ɔm
廩,侵,ɔm
懍,侵,ɔm
凜,侵,ɔm
罧,侵,ɔm
荏,侵,ɔm
稔,侵,ɔm
枕,侵,ɔm
沈,侵,ɔm
審,侵,ɔm
瞫,侵,ɔm
諗,侵,ɔm
淰,侵,ɔm
葚,侵,ɔm
甚,侵,ɔm
瀋,侵,ɔm
噤,侵,ɔm
錦,侵,ɔm
蕈,侵,ɔm
稟,侵,ɔm
飲,侵,ɔm
品,侵,ɔm
感,侵,ɔm
𥸡,談,ʌm
㔶,談,ʌm
禫,侵,ɔm
萏,談,ʌm
晻,談,ʌm
黭,談,ʌm
罯,侵,ɔm
嗿,侵,ɔm
黮,侵,ɔm
慘,侵,ɔm
憯,侵,ɔm
黲,侵,ɔm
糝,侵,ɔm
坎,談,ʌm
頷,侵,ɔm
撼,侵,ɔm
菡,談,ʌm
敢,談,ʌm
覽,談,ʌm
攬,談,ʌm
𦵹,談,ʌm
菼,談,ʌm
膽,談,ʌm
槧,談,ʌm
鏨,談,ʌm
喊,侵,ɔm
琰,談,ʌm
剡,談,ʌm
斂,談,ʌm
蘞,談,ʌm
䭑,談,ʌm
險,談,ʌm
獫,談,ʌm
玁,談,ʌm
譣,談,ʌm
貶,談,ʌm
顩,談,ʌm
广,談,ʌm
儉,談,ʌm
芡,談,ʌm
檢,談,ʌm
瞼,談,ʌm
檿,談,ʌm
魘,談,ʌm
冉,談,ʌm
姌,談,ʌm
苒,談,ʌm
染,談,ʌm
陝,談,ʌm
閃,談,ʌm
諂,談,ʌm
奄,談,ʌm
掩,談,ʌm
揜,談,ʌm
晻,談,ʌm
渰,談,ʌm
罨,談,ʌm
漸,談,ʌm
憸,談,ʌm
忝,談,ʌm
點,談,ʌm
玷,談,ʌm
簟,侵,ɔm
驔,侵,ɔm
嗛,談,ʌm
歉,談,ʌm
儼,談,ʌm
广,談,ʌm
㺌,談,ʌm
湛,侵,ɔm
鹼,談,ʌm
減,侵,ɔm
斬,談,ʌm
闞,談,ʌm
摻,侵,ɔm
黯,侵,ɔm
檻,談,ʌm
艦,談,ʌm
范,談,ʌm
範,談,ʌm
犯,談,ʌm
𡕢,談,ʌm
送,東,ɒŋ
鳳,侵,ɔm
貢,東,ɒŋ
贛,東,ɒŋ
虹,東,ɒŋ
弄,東,ɒŋ
涷,東,ɒŋ
凍,東,ɒŋ
棟,東,ɒŋ
控,東,ɒŋ
鞚,東,ɒŋ
空,東,ɒŋ
粽,東,ɒŋ
甕,東,ɒŋ
洞,東,ɒŋ
恫,東,ɒŋ
胴,東,ɒŋ
筒,東,ɒŋ
痛,東,ɒŋ
仲,冬,ɔŋ
諷,侵,ɔm
風,侵,ɔm
夢,蒸,ɔɪŋ
賵,冬,ɔŋ
中,冬,ɔŋ
鬨,東,ɒŋ
眾,冬,ɔŋ
銃,冬,ɔŋ
宋,冬,ɔŋ
綜,冬,ɔŋ
統,冬,ɔŋ
用,東,ɒŋ
頌,東,ɒŋ
誦,東,ɒŋ
訟,東,ɒŋ
共,東,ɒŋ
葑,東,ɒŋ
供,東,ɒŋ
縱,東,ɒŋ
憃,東,ɒŋ
重,東,ɒŋ
恐,東,ɒŋ
從,東,ɒŋ
絳,冬,ɔŋ
虹,東,ɒŋ
降,冬,ɔŋ
洚,冬,ɔŋ
巷,東,ɒŋ
戇,東,ɒŋ
幢,東,ɒŋ
撞,東,ɒŋ
寘,支,ə
忮,支,ə
觶,歌,ʌl
避,支,ə
惴,歌,ʌl
詈,支,ə
荔,脂,əl
離,歌,ʌl
豉,支,ə
積,支,ə
賜,支,ə
澌,支,ə
爲,歌,ʌl
賁,文,ɔn
詖,歌,ʌl
髲,歌,ʌl
被,歌,ʌl
累,微,ɔl
寄,歌,ʌl
臂,支,ə
芰,支,ə
騎,歌,ʌl
刺,支,ə
𧧒,支,ə
莿,支,ə
易,支,ə
議,歌,ʌl
誼,歌,ʌl
義,歌,ʌl
譬,支,ə
漬,支,ə
眥,支,ə
骴,支,ə
智,支,ə
倚,歌,ʌl
縋,微,ɔl
吹,歌,ʌl
戲,魚,ʌ
企,支,ə
縊,支,ə
翅,支,ə
施,歌,ʌl
僞,歌,ʌl
恚,支,ə
睡,歌,ʌl
瑞,歌,ʌl
諉,微,ɔl
至,脂,əl
摯,脂,əl
贄,緝,ɔp
礩,脂,əl
位,微,ɔl
郿,脂,əl
媚,脂,əl
魅,微,ɔl
遂,微,ɔl
彗,月,ʌt
隧,微,ɔl
璲,微,ɔl
檖,微,ɔl
燧,微,ɔl
穟,微,ɔl
穗,脂,əl
醉,微,ɔl
邃,微,ɔl
祟,微,ɔl
粹,微,ɔl
類,微,ɔl
淚,脂,əl
祕,脂,əl
毖,脂,əl
閟,脂,əl
轡,脂,əl
鉍,脂,əl
泌,脂,əl
費,微,ɔl
𠨘,脂,əl
匱,微,ɔl
蕢,微,ɔl
饋,微,ɔl
餽,微,ɔl
簣,微,ɔl
淠,脂,əl
備,之,ɔɪ
奰,脂,əl
媿,微,ɔl
愧,微,ɔl
帥,微,ɔl
率,微,ɔl
喟,微,ɔl
嗜,脂,əl
視,脂,əl
利,脂,əl
莅,脂,əl
膩,脂,əl
屁,脂,əl
劓,脂,əl
致,脂,əl
疐,脂,əl
躓,脂,əl
輊,脂,əl
質,脂,əl
棄,脂,əl
緻,脂,əl
稚,脂,əl
稺,脂,əl
寐,微,ɔl
冀,微,ɔl
覬,微,ɔl
驥,微,ɔl
洎,脂,əl
臮,脂,əl
暨,微,ɔl
塈,微,ɔl
悸,脂,əl
痵,脂,əl
翠,微,ɔl
二,脂,əl
貳,脂,əl
恣,脂,əl
次,脂,əl
佽,脂,əl
懿,脂,əl
饐,脂,əl
四,脂,əl
肆,脂,əl
泗,脂,əl
駟,脂,əl
器,脂,əl
季,脂,əl
鼻,脂,əl
比,脂,əl
枇,脂,əl
痹,脂,əl
畀,脂,əl
庇,脂,əl
萃,微,ɔl
顇,微,ɔl
悴,微,ɔl
瘁,微,ɔl
地,歌,ʌl
肄,脂,əl
示,脂,əl
謚,支,ə
自,脂,əl
墜,微,ɔl
懟,微,ɔl
遺,微,ɔl
侐,脂,əl
志,之,ɔɪ
誌,之,ɔɪ
痣,之,ɔɪ
識,之,ɔɪ
值,之,ɔɪ
治,之,ɔɪ
寺,之,ɔɪ
嗣,之,ɔɪ
飼,之,ɔɪ
笥,之,ɔɪ
伺,之,ɔɪ
思,之,ɔɪ
覗,之,ɔɪ
試,之,ɔɪ
弒,之,ɔɪ
胾,之,ɔɪ
吏,之,ɔɪ
字,之,ɔɪ
牸,之,ɔɪ
芓,之,ɔɪ
餌,之,ɔɪ
珥,之,ɔɪ
刵,之,ɔɪ
佴,之,ɔɪ
使,之,ɔɪ
廁,之,ɔɪ
異,之,ɔɪ
食,之,ɔɪ
置,之,ɔɪ
侍,之,ɔɪ
蒔,之,ɔɪ
事,之,ɔɪ
忌,之,ɔɪ
熾,之,ɔɪ
饎,之,ɔɪ
意,之,ɔɪ
記,之,ɔɪ
憙,之,ɔɪ
亟,之,ɔɪ
未,微,ɔl
味,微,ɔl
貴,微,ɔl
胃,微,ɔl
謂,微,ɔl
㥜,微,ɔl
緯,微,ɔl
彙,微,ɔl
蝟,微,ɔl
魏,微,ɔl
沸,微,ɔl
芾,月,ʌt
費,微,ɔl
尉,微,ɔl
慰,微,ɔl
畏,微,ɔl
蔚,微,ɔl
諱,微,ɔl
卉,微,ɔl
蜚,微,ɔl
翡,微,ɔl
痱,微,ɔl
費,微,ɔl
既,微,ɔl
暨,微,ɔl
毅,微,ɔl
豙,微,ɔl
顡,微,ɔl
氣,微,ɔl
气,微,ɔl
欷,微,ɔl
唏,微,ɔl
塈,微,ɔl
幾,微,ɔl
衣,微,ɔl
御,魚,ʌ
馭,魚,ʌ
慮,魚,ʌ
鑢,魚,ʌ
據,魚,ʌ
鋸,魚,ʌ
倨,魚,ʌ
踞,魚,ʌ
椐,魚,ʌ
覰,魚,ʌ
去,魚,ʌ
署,魚,ʌ
藷,魚,ʌ
曙,魚,ʌ
恕,魚,ʌ
庶,魚,ʌ
著,魚,ʌ
箸,魚,ʌ
翥,魚,ʌ
疏,魚,ʌ
飫,侯,ɒ
瘀,魚,ʌ
淤,魚,ʌ
箸,魚,ʌ
遽,魚,ʌ
詎,魚,ʌ
醵,魚,ʌ
絮,魚,ʌ
助,魚,ʌ
怚,魚,ʌ
沮,魚,ʌ
詛,魚,ʌ
洳,魚,ʌ
茹,魚,ʌ
豫,魚,ʌ
預,魚,ʌ
譽,魚,ʌ
鸒,魚,ʌ
女,魚,ʌ
處,魚,ʌ
遇,侯,ɒ
寓,侯,ɒ
嫗,侯,ɒ
饇,侯,ɒ
樹,侯,ɒ
住,侯,ɒ
附,侯,ɒ
賻,魚,ʌ
駙,侯,ɒ
鮒,侯,ɒ
注,侯,ɒ
鑄,幽,ɔ
馵,侯,ɒ
炷,侯,ɒ
澍,侯,ɒ
蛀,侯,ɒ
屨,侯,ɒ
句,侯,ɒ
絇,侯,ɒ
瞿,魚,ʌ
煦,侯,ɒ
酗,侯,ɒ
戍,侯,ɒ
裕,侯,ɒ
覦,侯,ɒ
諭,侯,ɒ
喻,侯,ɒ
籲,宵,o
孺,侯,ɒ
擩,侯,ɒ
赴,侯,ɒ
訃,侯,ɒ
仆,侯,ɒ
䟔,侯,ɒ
務,侯,ɒ
婺,侯,ɒ
霧,侯,ɒ
騖,侯,ɒ
鶩,侯,ɒ
懼,魚,ʌ
具,侯,ɒ
芋,魚,ʌ
雨,魚,ʌ
埾,侯,ɒ
數,侯,ɒ
付,侯,ɒ
賦,魚,ʌ
傅,魚,ʌ
搏,魚,ʌ
娶,侯,ɒ
趣,侯,ɒ
註,侯,ɒ
駐,侯,ɒ
驅,侯,ɒ
屢,侯,ɒ
暮,魚,ʌ
慕,魚,ʌ
募,魚,ʌ
墓,魚,ʌ
渡,魚,ʌ
斁,魚,ʌ
度,魚,ʌ
路,魚,ʌ
露,魚,ʌ
潞,魚,ʌ
輅,魚,ʌ
鷺,魚,ʌ
賂,魚,ʌ
妒,魚,ʌ
妬,魚,ʌ
蠹,魚,ʌ
菟,魚,ʌ
兔,魚,ʌ
吐,魚,ʌ
顧,魚,ʌ
雇,魚,ʌ
故,魚,ʌ
酤,魚,ʌ
固,魚,ʌ
錮,魚,ʌ
誤,魚,ʌ
寤,魚,ʌ
忤,魚,ʌ
迕,魚,ʌ
晤,魚,ʌ
悟,魚,ʌ
護,魚,ʌ
互,魚,ʌ
訴,魚,ʌ
愬,魚,ʌ
泝,魚,ʌ
遡,魚,ʌ
素,魚,ʌ
嗉,魚,ʌ
祚,魚,ʌ
胙,魚,ʌ
阼,魚,ʌ
怒,魚,ʌ
布,魚,ʌ
佈,魚,ʌ
惡,魚,ʌ
怖,魚,ʌ
鋪,魚,ʌ
厝,魚,ʌ
措,魚,ʌ
醋,魚,ʌ
錯,魚,ʌ
絝,魚,ʌ
袴,魚,ʌ
庫,魚,ʌ
胯,魚,ʌ
跨,魚,ʌ
捕,魚,ʌ
哺,魚,ʌ
步,魚,ʌ
餔,魚,ʌ
謼,魚,ʌ
作,魚,ʌ
霽,脂,əl
躋,脂,əl
濟,脂,əl
穧,脂,əl
帝,支,ə
諦,支,ə
嚏,脂,əl
蔕,月,ʌt
螮,月,ʌt
蝃,月,ʌt
疐,脂,əl
嚌,脂,əl
劑,脂,əl
穧,脂,əl
齊,脂,əl
懠,脂,əl
替,脂,əl
剃,脂,əl
揥,支,ə
涕,脂,əl
殢,月,ʌt
第,脂,əl
弟,脂,əl
髢,歌,ʌl
締,支,ə
睇,脂,əl
悌,脂,əl
娣,脂,əl
軑,月,ʌt
棣,脂,əl
杕,月,ʌt
遞,支,ə
砌,脂,əl
妻,脂,əl
細,脂,əl
壻,脂,əl
詣,脂,əl
羿,脂,əl
睨,支,ə
計,脂,əl
係,支,ə
繼,支,ə
繫,支,ə
薊,月,ʌt
檵,支,ə
系,支,ə
契,月,ʌt
翳,脂,əl
曀,脂,əl
殪,脂,əl
縊,支,ə
閉,脂,əl
嬖,脂,əl
慧,月,ʌt
惠,脂,əl
蟪,脂,əl
蕙,脂,əl
繐,脂,əl
桂,支,ə
嘒,月,ʌt
媲,脂,əl
睥,支,ə
薜,支,ə
麗,支,ə
戾,脂,əl
㑦,脂,əl
隸,脂,əl
儷,支,ə
唳,脂,əl
沴,脂,əl
荔,脂,əl
涖,緝,ɔp
埿,脂,əl
祭,月,ʌt
際,月,ʌt
穄,月,ʌt
歲,月,ʌt
衞,月,ʌt
軎,月,ʌt
芮,月,ʌt
枘,月,ʌt
贅,月,ʌt
毳,月,ʌt
脆,月,ʌt
銳,月,ʌt
叡,月,ʌt
睿,月,ʌt
蜹,月,ʌt
綴,月,ʌt
畷,月,ʌt
輟,月,ʌt
稅,月,ʌt
說,月,ʌt
蛻,月,ʌt
帨,月,ʌt
斃,月,ʌt
幣,月,ʌt
敝,月,ʌt
㯔,月,ʌt
毳,月,ʌt
彗,月,ʌt
蔽,月,ʌt
彆,月,ʌt
劌,月,ʌt
鱖,月,ʌt
蹶,月,ʌt
袂,月,ʌt
瘛,月,ʌt
制,月,ʌt
製,月,ʌt
逝,月,ʌt
噬,月,ʌt
誓,月,ʌt
筮,月,ʌt
曳,月,ʌt
裔,月,ʌt
勩,月,ʌt
泄,月,ʌt
洩,月,ʌt
枻,月,ʌt
瘞,葉,ʌp
藝,月,ʌt
蓺,月,ʌt
囈,月,ʌt
滯,月,ʌt
彘,質,ət
例,月,ʌt
厲,月,ʌt
礪,月,ʌt
勵,月,ʌt
癘,月,ʌt
栵,月,ʌt
洌,月,ʌt
憩,月,ʌt
愒,月,ʌt
世,月,ʌt
勢,月,ʌt
貰,月,ʌt
罽,月,ʌt
偈,月,ʌt
跇,月,ʌt
㓷,月,ʌt
泰,月,ʌt
太,月,ʌt
汰,月,ʌt
蓋,月,ʌt
丐,月,ʌt
艾,月,ʌt
藹,月,ʌt
靄,月,ʌt
柰,月,ʌt
奈,月,ʌt
大,月,ʌt
汏,月,ʌt
害,月,ʌt
妎,月,ʌt
帶,月,ʌt
㿃,月,ʌt
貝,月,ʌt
䟺,月,ʌt
狽,月,ʌt
茷,月,ʌt
霈,月,ʌt
沛,月,ʌt
會,月,ʌt
繪,月,ʌt
兌,月,ʌt
儈,月,ʌt
膾,月,ʌt
檜,月,ʌt
鄶,月,ʌt
會,月,ʌt
獪,月,ʌt
最,月,ʌt
噦,月,ʌt
翽,月,ʌt
𥢶,月,ʌt
酹,月,ʌt
外,月,ʌt
祋,月,ʌt
薈,月,ʌt
蕞,月,ʌt
旆,月,ʌt
蔡,月,ʌt
賴,月,ʌt
籟,月,ʌt
癩,月,ʌt
瀨,月,ʌt
餀,月,ʌt
蛻,月,ʌt
駾,月,ʌt
眜,微,ɔl
沫,微,ɔl
卦,支,ə
挂,支,ə
掛,支,ə
詿,支,ə
罣,支,ə
懈,支,ə
解,支,ə
隘,支,ə
邂,支,ə
解,支,ə
賣,支,ə
畫,支,ə
詿,支,ə
粺,支,ə
稗,支,ə
派,支,ə
曬,支,ə
洒,脂,əl
怪,之,ɔɪ
瘵,月,ʌt
誡,之,ɔɪ
戒,之,ɔɪ
界,月,ʌt
介,月,ʌt
届,脂,əl
疥,月,ʌt
玠,月,ʌt
尬,月,ʌt
价,月,ʌt
芥,月,ʌt
欸,之,ɔɪ
械,之,ɔɪ
薤,月,ʌt
瀣,月,ʌt
蒯,微,ɔl
喟,微,ɔl
拜,月,ʌt
湃,月,ʌt
壞,微,ɔl
聵,微,ɔl
憊,之,ɔɪ
鎩,月,ʌt
夬,月,ʌt
獪,月,ʌt
快,月,ʌt
噲,月,ʌt
邁,月,ʌt
話,月,ʌt
䵳,月,ʌt
嘬,月,ʌt
犗,月,ʌt
蠆,月,ʌt
喝,月,ʌt
敗,月,ʌt
隊,微,ɔl
憝,微,ɔl
錞,微,ɔl
佩,之,ɔɪ
珮,之,ɔɪ
邶,職,ɔɪk
誖,微,ɔl
悖,微,ɔl
背,之,ɔɪ
妹,微,ɔl
昧,微,ɔl
眛,微,ɔl
痗,之,ɔɪ
瑁,幽,ɔ
配,微,ɔl
誨,之,ɔɪ
悔,之,ɔɪ
晦,之,ɔɪ
對,微,ɔl
碓,微,ɔl
倅,微,ɔl
淬,微,ɔl
焠,微,ɔl
啐,微,ɔl
隈,微,ɔl
退,微,ɔl
憒,微,ɔl
潰,微,ɔl
繢,微,ɔl
殨,微,ɔl
闠,微,ɔl
膭,微,ɔl
䜋,微,ɔl
塊,微,ɔl
碎,微,ɔl
內,微,ɔl
纇,微,ɔl
耒,微,ɔl
酹,月,ʌt
背,之,ɔɪ
輩,微,ɔl
磑,微,ɔl
代,之,ɔɪ
岱,之,ɔɪ
黛,之,ɔɪ
逮,月,ʌt
袋,之,ɔɪ
載,之,ɔɪ
再,之,ɔɪ
賽,之,ɔɪ
塞,之,ɔɪ
貸,之,ɔɪ
態,之,ɔɪ
溉,微,ɔl
㮣,微,ɔl
慨,微,ɔl
愾,微,ɔl
嘅,微,ɔl
礙,之,ɔɪ
儗,之,ɔɪ
懝,之,ɔɪ
愛,微,ɔl
曖,微,ɔl
僾,微,ɔl
璦,微,ɔl
耐,之,ɔɪ
鼐,之,ɔɪ
戴,之,ɔɪ
賚,之,ɔɪ
睞,之,ɔɪ
徠,之,ɔɪ
菜,之,ɔɪ
載,之,ɔɪ
裁,之,ɔɪ
栽,之,ɔɪ
儗,之,ɔɪ
廢,月,ʌt
肺,月,ʌt
穢,月,ʌt
饖,月,ʌt
吠,月,ʌt
喙,月,ʌt
刈,月,ʌt
乂,月,ʌt
艾,月,ʌt
震,文,ɔn
振,文,ɔn
賑,文,ɔn
娠,文,ɔn
信,真,ən
訊,真,ən
迅,真,ən
囟,真,ən
汛,真,ən
刃,文,ɔn
認,文,ɔn
韌,文,ɔn
仞,文,ɔn
軔,文,ɔn
牣,文,ɔn
訒,文,ɔn
胤,真,ən
引,真,ən
吝,文,ɔn
悋,文,ɔn
藺,真,ən
躙,真,ən
儐,真,ən
擯,真,ən
殯,真,ən
鬢,真,ən
陳,真,ən
陣,真,ən
慎,真,ən
蜃,文,ɔn
賮,真,ən
燼,真,ən
藎,真,ən
憖,文,ɔn
晉,真,ən
搢,真,ən
縉,真,ən
進,真,ən
璡,真,ən
鎮,真,ən
僅,文,ɔn
覲,文,ɔn
殣,文,ɔn
瑾,文,ɔn
饉,文,ɔn
墐,文,ɔn
櫬,真,ən
齔,真,ən
印,真,ən
疢,文,ɔn
趁,真,ən
稕,文,ɔn
諄,文,ɔn
峻,文,ɔn
濬,真,ən
浚,文,ɔn
殉,真,ən
徇,真,ən
侚,真,ən
儁,文,ɔn
俊,文,ɔn
畯,文,ɔn
駿,文,ɔn
舜,文,ɔn
瞬,文,ɔn
閏,真,ən
潤,真,ən
順,文,ɔn
問,文,ɔn
汶,文,ɔn
紊,文,ɔn
運,文,ɔn
暈,文,ɔn
鄆,文,ɔn
員,文,ɔn
韻,文,ɔn
訓,文,ɔn
忿,文,ɔn
糞,文,ɔn
奮,文,ɔn
醞,文,ɔn
慍,文,ɔn
縕,文,ɔn
薀,文,ɔn
攈,文,ɔn
捃,文,ɔn
郡,文,ɔn
分,文,ɔn
焮,文,ɔn
靳,文,ɔn
近,文,ɔn
願,元,ʌn
愿,元,ʌn
怨,元,ʌn
販,元,ʌn
畈,元,ʌn
券,元,ʌn
勸,元,ʌn
萬,元,ʌn
蔓,元,ʌn
曼,元,ʌn
飯,元,ʌn
建,元,ʌn
獻,元,ʌn
憲,元,ʌn
健,元,ʌn
腱,元,ʌn
圈,元,ʌn
慁,文,ɔn
溷,文,ɔn
頓,文,ɔn
巽,元,ʌn
𩕧,元,ʌn
遜,文,ɔn
困,文,ɔn
嫩,元,ʌn
搵,文,ɔn
悶,文,ɔn
懣,元,ʌn
鐏,文,ɔn
鱒,文,ɔn
睔,文,ɔn
噴,文,ɔn
鈍,文,ɔn
遁,文,ɔn
遯,文,ɔn
寸,文,ɔn
論,文,ɔn
奔,文,ɔn
恨,文,ɔn
艮,文,ɔn
茛,文,ɔn
翰,元,ʌn
鼾,元,ʌn
釬,元,ʌn
汗,元,ʌn
悍,元,ʌn
瀚,元,ʌn
閈,元,ʌn
駻,元,ʌn
炭,元,ʌn
歎,元,ʌn
嘆,元,ʌn
按,元,ʌn
案,元,ʌn
晏,元,ʌn
旦,元,ʌn
憚,元,ʌn
彈,元,ʌn
僤,元,ʌn
但,元,ʌn
撣,元,ʌn
旰,元,ʌn
幹,元,ʌn
盰,元,ʌn
岸,元,ʌn
犴,元,ʌn
豻,元,ʌn
侃,元,ʌn
衎,元,ʌn
漢,元,ʌn
暵,元,ʌn
爛,元,ʌn
讕,元,ʌn
難,元,ʌn
粲,元,ʌn
燦,元,ʌn
璨,元,ʌn
散,元,ʌn
贊,元,ʌn
讚,元,ʌn
酇,元,ʌn
灒,元,ʌn
換,元,ʌn
逭,元,ʌn
漶,元,ʌn
鑽,元,ʌn
惋,元,ʌn
腕,元,ʌn
貫,元,ʌn
祼,元,ʌn
館,元,ʌn
瓘,元,ʌn
灌,元,ʌn
鸛,元,ʌn
冠,元,ʌn
觀,元,ʌn
棺,元,ʌn
竄,元,ʌn
爨,元,ʌn
玩,元,ʌn
翫,元,ʌn
段,元,ʌn
亂,元,ʌn
鍛,元,ʌn
斷,元,ʌn
彖,元,ʌn
喚,元,ʌn
煥,元,ʌn
奐,元,ʌn
渙,元,ʌn
筭,元,ʌn
蒜,元,ʌn
祘,元,ʌn
縵,元,ʌn
幔,元,ʌn
漫,元,ʌn
墁,元,ʌn
鏝,元,ʌn
半,元,ʌn
絆,元,ʌn
判,元,ʌn
泮,元,ʌn
叛,元,ʌn
畔,元,ʌn
伴,元,ʌn
偄,元,ʌn
諫,元,ʌn
㵎,元,ʌn
鐗,元,ʌn
鴈,元,ʌn
雁,元,ʌn
贗,元,ʌn
晏,元,ʌn
訕,元,ʌn
汕,元,ʌn
疝,元,ʌn
慢,元,ʌn
嫚,元,ʌn
謾,元,ʌn
患,元,ʌn
擐,元,ʌn
宦,元,ʌn
豢,元,ʌn
慣,元,ʌn
丱,元,ʌn
摜,元,ʌn
篡,元,ʌn
棧,元,ʌn
羼,元,ʌn
鏟,元,ʌn
襉,元,ʌn
閒,元,ʌn
莧,元,ʌn
瓣,元,ʌn
辨,元,ʌn
辦,元,ʌn
盼,文,ɔn
幻,元,ʌn
綻,元,ʌn
䋎,元,ʌn
扮,文,ɔn
霰,元,ʌn
蒨,耕,əŋ
茜,耕,əŋ
絢,真,ən
縣,元,ʌn
眩,真,ən
炫,真,ən
睊,元,ʌn
罥,元,ʌn
電,真,ən
殿,文,ɔn
奠,耕,əŋ
淀,耕,əŋ
甸,真,ən
佃,真,ən
鈿,真,ən
闐,真,ən
填,真,ən
瑱,真,ən
練,元,ʌn
楝,元,ʌn
見,元,ʌn
俔,元,ʌn
見,元,ʌn
現,元,ʌn
硯,元,ʌn
研,元,ʌn
豜,元,ʌn
趼,元,ʌn
宴,元,ʌn
燕,元,ʌn
讌,元,ʌn
嬿,元,ʌn
咽,真,ən
薦,文,ɔn
麵,元,ʌn
眄,元,ʌn
片,元,ʌn
荐,文,ɔn
殿,文,ɔn
線,元,ʌn
戰,元,ʌn
顫,元,ʌn
繕,元,ʌn
擅,元,ʌn
膳,元,ʌn
禪,元,ʌn
單,元,ʌn
嬗,元,ʌn
彥,元,ʌn
唁,元,ʌn
喭,元,ʌn
諺,元,ʌn
譴,元,ʌn
遣,元,ʌn
絹,元,ʌn
狷,元,ʌn
瑗,元,ʌn
援,元,ʌn
媛,元,ʌn
院,元,ʌn
面,元,ʌn
釧,文,ɔn
箭,元,ʌn
濺,元,ʌn
煎,元,ʌn
扇,元,ʌn
煽,元,ʌn
眷,元,ʌn
卷,元,ʌn
倦,元,ʌn
戀,元,ʌn
變,元,ʌn
卞,元,ʌn
拚,元,ʌn
抃,元,ʌn
弁,元,ʌn
鏇,元,ʌn
旋,元,ʌn
選,元,ʌn
䉵,元,ʌn
饌,元,ʌn
譔,元,ʌn
傳,元,ʌn
賤,元,ʌn
餞,元,ʌn
羨,元,ʌn
碾,元,ʌn
轉,元,ʌn
衍,元,ʌn
便,元,ʌn
徧,真,ən
遍,真,ən
嘯,宵,o
糶,宵,o
眺,宵,o
弔,宵,o
釣,宵,o
叫,幽,ɔ
徼,宵,o
尿,宵,o
藋,宵,o
銚,宵,o
掉,宵,o
調,幽,ɔ
竅,宵,o
料,宵,o
鐐,宵,o
𥬇,宵,o
肖,宵,o
照,宵,o
詔,宵,o
燿,宵,o
鷂,宵,o
耀,宵,o
曜,宵,o
要,宵,o
約,宵,o
召,宵,o
邵,宵,o
召,宵,o
劭,宵,o
嶠,宵,o
轎,宵,o
剽,宵,o
漂,宵,o
僄,宵,o
勡,宵,o
慓,宵,o
噍,宵,o
誚,宵,o
妙,宵,o
陗,宵,o
峭,宵,o
俏,宵,o
燎,宵,o
膫,宵,o
趬,宵,o
醮,宵,o
釂,宵,o
爝,宵,o
廟,宵,o
少,宵,o
燒,宵,o
饒,宵,o
繞,宵,o
效,宵,o
校,宵,o
傚,宵,o
教,宵,o
窖,幽,ɔ
校,宵,o
覺,幽,ɔ
膠,幽,ɔ
較,宵,o
孝,幽,ɔ
罩,宵,o
豹,宵,o
爆,宵,o
皃,宵,o
貌,宵,o
炮,幽,ɔ
趠,宵,o
踔,宵,o
稍,宵,o
棹,宵,o
淖,宵,o
鬧,宵,o
鈔,宵,o
靿,幽,ɔ
号,宵,o
號,宵,o
導,幽,ɔ
悼,宵,o
蹈,幽,ɔ
盜,宵,o
幬,幽,ɔ
儔,幽,ɔ
到,宵,o
禱,幽,ɔ
倒,宵,o
誥,幽,ɔ
郜,幽,ɔ
告,幽,ɔ
縞,宵,o
膏,宵,o
傲,宵,o
奡,幽,ɔ
謷,宵,o
帽,幽,ɔ
耄,宵,o
芼,宵,o
眊,宵,o
瑁,幽,ɔ
冒,幽,ɔ
嫪,幽,ɔ
澇,宵,o
潦,宵,o
勞,宵,o
癆,宵,o
操,宵,o
造,幽,ɔ
慥,幽,ɔ
糙,幽,ɔ
暴,宵,o
報,幽,ɔ
奧,幽,ɔ
懊,幽,ɔ
隩,幽,ɔ
墺,幽,ɔ
譟,宵,o
噪,宵,o
埽,幽,ɔ
掃,幽,ɔ
犒,宵,o
靠,幽,ɔ
竈,幽,ɔ
躁,宵,o
秏,宵,o
好,幽,ɔ
箇,魚,ʌ
个,魚,ʌ
個,魚,ʌ
賀,歌,ʌl
佐,歌,ʌl
左,歌,ʌl
坷,歌,ʌl
餓,歌,ʌl
馱,歌,ʌl
大,歌,ʌl
那,歌,ʌl
過,歌,ʌl
和,歌,ʌl
挫,歌,ʌl
侳,歌,ʌl
課,歌,ʌl
唾,歌,ʌl
播,歌,ʌl
簸,歌,ʌl
番,歌,ʌl
譒,歌,ʌl
剉,歌,ʌl
莝,歌,ʌl
銼,歌,ʌl
磨,歌,ʌl
摩,歌,ʌl
愞,侯,ɒ
破,歌,ʌl
座,歌,ʌl
坐,歌,ʌl
臥,歌,ʌl
貨,歌,ʌl
䐝,歌,ʌl
禡,魚,ʌ
罵,魚,ʌ
駕,歌,ʌl
稼,魚,ʌ
嫁,魚,ʌ
架,歌,ʌl
價,魚,ʌ
假,魚,ʌ
賈,魚,ʌ
亞,魚,ʌ
婭,魚,ʌ
罅,魚,ʌ
迓,魚,ʌ
訝,魚,ʌ
詫,魚,ʌ
吒,魚,ʌ
詐,魚,ʌ
乍,魚,ʌ
䄍,魚,ʌ
謝,魚,ʌ
榭,魚,ʌ
暇,魚,ʌ
夏,魚,ʌ
下,魚,ʌ
芐,魚,ʌ
藉,魚,ʌ
夜,魚,ʌ
斥,魚,ʌ
卸,魚,ʌ
瀉,魚,ʌ
柘,魚,ʌ
鷓,魚,ʌ
蔗,魚,ʌ
借,魚,ʌ
舍,魚,ʌ
赦,魚,ʌ
射,魚,ʌ
麝,魚,ʌ
貰,魚,ʌ
霸,魚,ʌ
靶,魚,ʌ
灞,魚,ʌ
帊,魚,ʌ
怕,魚,ʌ
華,魚,ʌ
樺,魚,ʌ
化,歌,ʌl
跨,魚,ʌ
胯,魚,ʌ
杷,魚,ʌ
漾,陽,ʌŋ
恙,陽,ʌŋ
羕,陽,ʌŋ
㨾,陽,ʌŋ
瀁,陽,ʌŋ
亮,陽,ʌŋ
諒,陽,ʌŋ
量,陽,ʌŋ
涼,陽,ʌŋ
狀,陽,ʌŋ
讓,陽,ʌŋ
饟,陽,ʌŋ
帳,陽,ʌŋ
脹,陽,ʌŋ
悵,陽,ʌŋ
暢,陽,ʌŋ
鬯,陽,ʌŋ
韔,陽,ʌŋ
向,陽,ʌŋ
長,陽,ʌŋ
釀,陽,ʌŋ
匠,陽,ʌŋ
障,陽,ʌŋ
墇,陽,ʌŋ
尚,陽,ʌŋ
上,陽,ʌŋ
壯,陽,ʌŋ
怏,陽,ʌŋ
唱,陽,ʌŋ
倡,陽,ʌŋ
刱,陽,ʌŋ
創,陽,ʌŋ
愴,陽,ʌŋ
醬,陽,ʌŋ
將,陽,ʌŋ
訪,陽,ʌŋ
妨,陽,ʌŋ
妄,陽,ʌŋ
望,陽,ʌŋ
忘,陽,ʌŋ
況,陽,ʌŋ
况,陽,ʌŋ
貺,陽,ʌŋ
誑,陽,ʌŋ
迋,陽,ʌŋ
旺,陽,ʌŋ
王,陽,ʌŋ
放,陽,ʌŋ
相,陽,ʌŋ
彊,陽,ʌŋ
蹡,陽,ʌŋ
狂,陽,ʌŋ
防,陽,ʌŋ
宕,陽,ʌŋ
碭,陽,ʌŋ
浪,陽,ʌŋ
閬,陽,ʌŋ
行,陽,ʌŋ
盎,陽,ʌŋ
葬,陽,ʌŋ
傍,陽,ʌŋ
藏,陽,ʌŋ
奘,陽,ʌŋ
當,陽,ʌŋ
抗,陽,ʌŋ
閌,陽,ʌŋ
炕,陽,ʌŋ
犺,陽,ʌŋ
伉,陽,ʌŋ
亢,陽,ʌŋ
謗,陽,ʌŋ
儻,陽,ʌŋ
湯,陽,ʌŋ
曠,陽,ʌŋ
壙,陽,ʌŋ
纊,陽,ʌŋ
喪,陽,ʌŋ
桄,陽,ʌŋ
映,陽,ʌŋ
暎,陽,ʌŋ
詇,陽,ʌŋ
敬,耕,əŋ
竟,陽,ʌŋ
鏡,陽,ʌŋ
競,陽,ʌŋ
倞,陽,ʌŋ
儆,耕,əŋ
慶,陽,ʌŋ
命,耕,əŋ
病,陽,ʌŋ
孟,陽,ʌŋ
橫,陽,ʌŋ
柄,陽,ʌŋ
怲,陽,ʌŋ
邴,陽,ʌŋ
詠,陽,ʌŋ
咏,陽,ʌŋ
泳,陽,ʌŋ
行,陽,ʌŋ
迎,陽,ʌŋ
諍,耕,əŋ
迸,耕,əŋ
勁,耕,əŋ
倩,耕,əŋ
凊,耕,əŋ
政,耕,əŋ
正,耕,əŋ
証,耕,əŋ
聖,耕,əŋ
鄭,耕,əŋ
性,耕,əŋ
姓,耕,əŋ
令,耕,əŋ
聘,耕,əŋ
娉,耕,əŋ
俜,耕,əŋ
敻,耕,əŋ
詗,耕,əŋ
併,耕,əŋ
并,耕,əŋ
偋,耕,əŋ
淨,耕,əŋ
請,耕,əŋ
盛,耕,əŋ
精,耕,əŋ
徑,耕,əŋ
經,耕,əŋ
甯,耕,əŋ
佞,耕,əŋ
濘,耕,əŋ
脛,耕,əŋ
定,耕,əŋ
釘,耕,əŋ
訂,耕,əŋ
罄,耕,əŋ
磬,耕,əŋ
聽,耕,əŋ
暝,耕,əŋ
鎣,耕,əŋ
瑩,耕,əŋ
令,耕,əŋ
證,蒸,ɔɪŋ
孕,蒸,ɔɪŋ
賸,蒸,ɔɪŋ
媵,蒸,ɔɪŋ
乘,蒸,ɔɪŋ
嵊,蒸,ɔɪŋ
賸,蒸,ɔɪŋ
剩,蒸,ɔɪŋ
應,蒸,ɔɪŋ
甑,蒸,ɔɪŋ
興,蒸,ɔɪŋ
勝,蒸,ɔɪŋ
稱,蒸,ɔɪŋ
丞,蒸,ɔɪŋ
嶝,蒸,ɔɪŋ
鐙,蒸,ɔɪŋ
隥,蒸,ɔɪŋ
磴,蒸,ɔɪŋ
贈,蒸,ɔɪŋ
亘,蒸,ɔɪŋ
蹭,蒸,ɔɪŋ
鄧,蒸,ɔɪŋ
增,蒸,ɔɪŋ
宥,之,ɔɪ
又,之,ɔɪ
佑,之,ɔɪ
右,之,ɔɪ
祐,之,ɔɪ
囿,之,ɔɪ
侑,之,ɔɪ
救,幽,ɔ
灸,之,ɔɪ
廄,幽,ɔ
究,幽,ɔ
疚,之,ɔɪ
胄,幽,ɔ
酎,幽,ɔ
宙,幽,ɔ
籀,幽,ɔ
晝,侯,ɒ
咮,侯,ɒ
狩,幽,ɔ
獸,幽,ɔ
守,幽,ɔ
臭,幽,ɔ
岫,幽,ɔ
袖,幽,ɔ
呪,幽,ɔ
舊,幽,ɔ
柩,之,ɔɪ
瘦,幽,ɔ
皺,侯,ɒ
甃,幽,ɔ
縐,侯,ɒ
副,之,ɔɪ
仆,屋,ɒk
覆,幽,ɔ
富,之,ɔɪ
畜,幽,ɔ
溜,幽,ɔ
霤,幽,ɔ
餾,幽,ɔ
留,幽,ɔ
秀,幽,ɔ
繡,幽,ɔ
琇,幽,ɔ
宿,幽,ɔ
僦,幽,ɔ
驟,侯,ɒ
就,幽,ɔ
鷲,幽,ɔ
復,幽,ɔ
覆,幽,ɔ
鼬,幽,ɔ
柚,幽,ɔ
褎,幽,ɔ
授,幽,ɔ
壽,幽,ɔ
售,幽,ɔ
綬,幽,ɔ
候,侯,ɒ
逅,侯,ɒ
後,侯,ɒ
堠,侯,ɒ
寇,侯,ɒ
扣,侯,ɒ
茂,幽,ɔ
貿,幽,ɔ
戊,幽,ɔ
袤,幽,ɔ
懋,幽,ɔ
豆,侯,ɒ
竇,侯,ɒ
逗,侯,ɒ
脰,侯,ɒ
鬥,侯,ɒ
鬭,侯,ɒ
耨,侯,ɒ
嗽,侯,ɒ
漱,侯,ɒ
嗾,侯,ɒ
奏,侯,ɒ
透,幽,ɔ
漚,侯,ɒ
遘,侯,ɒ
媾,侯,ɒ
覯,侯,ɒ
姤,侯,ɒ
購,侯,ɒ
雊,侯,ɒ
句,侯,ɒ
搆,侯,ɒ
冓,侯,ɒ
輳,侯,ɒ
湊,侯,ɒ
𨹟,侯,ɒ
漏,侯,ɒ
鏤,侯,ɒ
瘻,侯,ɒ
詬,侯,ɒ
幼,幽,ɔ
謬,幽,ɔ
繆,幽,ɔ
沁,侵,ɔm
浸,侵,ɔm
妊,侵,ɔm
絍,侵,ɔm
任,侵,ɔm
衽,侵,ɔm
鴆,侵,ɔm
沈,侵,ɔm
枕,侵,ɔm
噤,侵,ɔm
禁,侵,ɔm
賃,侵,ɔm
蔭,侵,ɔm
窨,侵,ɔm
廕,侵,ɔm
飲,侵,ɔm
滲,侵,ɔm
罧,侵,ɔm
闖,侵,ɔm
譖,侵,ɔm
讖,談,ʌm
吟,侵,ɔm
臨,侵,ɔm
甚,侵,ɔm
勘,侵,ɔm
紺,談,ʌm
淦,侵,ɔm
贛,談,ʌm
憾,侵,ɔm
琀,侵,ɔm
莟,侵,ɔm
暗,侵,ɔm
闇,侵,ɔm
撢,侵,ɔm
謲,侵,ɔm
闞,談,ʌm
瞰,談,ʌm
濫,談,ʌm
𨣨,談,ʌm
譀,談,ʌm
憺,談,ʌm
惔,談,ʌm
淡,談,ʌm
啗,談,ʌm
啖,談,ʌm
暫,談,ʌm
鏨,談,ʌm
擔,談,ʌm
豔,談,ʌm
焰,談,ʌm
焱,談,ʌm
贍,談,ʌm
厭,談,ʌm
猒,談,ʌm
饜,談,ʌm
驗,談,ʌm
閃,談,ʌm
苫,談,ʌm
塹,談,ʌm
嬱,談,ʌm
斂,談,ʌm
占,談,ʌm
㮇,談,ʌm
念,侵,ɔm
店,談,ʌm
墊,侵,ɔm
僭,侵,ɔm
釅,談,ʌm
陷,談,ʌm
歉,談,ʌm
儳,談,ʌm
鑑,談,ʌm
監,談,ʌm
梵,侵,ɔm
汎,侵,ɔm
泛,談,ʌm
氾,談,ʌm
劔,談,ʌm
欠,談,ʌm
俺,談,ʌm
淹,談,ʌm
屋,屋,ɒk
獨,屋,ɒk
黷,屋,ɒk
讀,屋,ɒk
櫝,屋,ɒk
牘,屋,ɒk
瀆,屋,ɒk
犢,屋,ɒk
穀,屋,ɒk
轂,屋,ɒk
谷,屋,ɒk
斛,屋,ɒk
觳,屋,ɒk
哭,屋,ɒk
禿,屋,ɒk
速,屋,ɒk
蔌,屋,ɒk
樕,屋,ɒk
祿,屋,ɒk
鹿,屋,ɒk
漉,屋,ɒk
麓,屋,ɒk
碌,屋,ɒk
族,屋,ɒk
簇,屋,ɒk
鏃,屋,ɒk
暴,藥,ok
曝,藥,ok
僕,屋,ɒk
撲,屋,ɒk
卜,屋,ɒk
濮,屋,ɒk
樸,屋,ɒk
蹼,屋,ɒk
木,屋,ɒk
沐,屋,ɒk
霂,屋,ɒk
福,職,ɔɪk
腹,覺,ɔk
複,覺,ɔk
幅,職,ɔɪk
輻,職,ɔɪk
葍,職,ɔɪk
蝠,職,ɔɪk
楅,職,ɔɪk
伏,職,ɔɪk
復,覺,ɔk
馥,覺,ɔk
鵩,職,ɔɪk
复,覺,ɔk
匐,職,ɔɪk
鰒,覺,ɔk
縮,覺,ɔk
謖,覺,ɔk
六,覺,ɔk
陸,覺,ɔk
戮,覺,ɔk
穋,覺,ɔk
蓼,覺,ɔk
逐,覺,ɔk
軸,覺,ɔk
妯,覺,ɔk
舳,覺,ɔk
蓫,覺,ɔk
柚,覺,ɔk
菊,覺,ɔk
鞠,覺,ɔk
掬,覺,ɔk
匊,覺,ɔk
鞫,覺,ɔk
踘,覺,ɔk
熟,覺,ɔk
孰,覺,ɔk
淑,覺,ɔk
塾,覺,ɔk
俶,覺,ɔk
育,覺,ɔk
毓,覺,ɔk
鬻,覺,ɔk
煜,職,ɔɪk
昱,職,ɔɪk
蹴,覺,ɔk
肉,覺,ɔk
粥,覺,ɔk
祝,覺,ɔk
柷,覺,ɔk
叔,覺,ɔk
菽,覺,ɔk
蓄,覺,ɔk
畜,覺,ɔk
慉,覺,ɔk
竹,覺,ɔk
竺,覺,ɔk
筑,覺,ɔk
築,覺,ɔk
蹙,覺,ɔk
蝮,覺,ɔk
覆,覺,ɔk
郁,職,ɔɪk
彧,職,ɔɪk
燠,覺,ɔk
薁,覺,ɔk
肅,覺,ɔk
宿,覺,ɔk
夙,覺,ɔk
目,覺,ɔk
睦,覺,ɔk
穆,覺,ɔk
苜,覺,ɔk
牧,職,ɔɪk
囿,覺,ɔk
蓄,覺,ɔk
矗,覺,ɔk
沃,藥,ok
鋈,藥,ok
毒,覺,ɔk
纛,覺,ɔk
篤,覺,ɔk
督,覺,ɔk
酷,覺,ɔk
嚳,覺,ɔk
鵠,覺,ɔk
翯,藥,ok
礐,覺,ɔk
僕,屋,ɒk
梏,覺,ɔk
牿,覺,ɔk
郜,覺,ɔk
熇,藥,ok
燭,屋,ɒk
屬,屋,ɒk
矚,屋,ɒk
玉,屋,ɒk
獄,屋,ɒk
旭,覺,ɔk
勗,覺,ɔk
局,屋,ɒk
侷,屋,ɒk
蜀,屋,ɒk
屬,屋,ɒk
觸,屋,ɒk
辱,屋,ɒk
蓐,屋,ɒk
縟,屋,ɒk
溽,屋,ɒk
束,屋,ɒk
欲,屋,ɒk
浴,屋,ɒk
鵒,屋,ɒk
谷,屋,ɒk
躅,屋,ɒk
蠋,屋,ɒk
錄,屋,ɒk
淥,屋,ɒk
綠,屋,ɒk
逯,屋,ɒk
籙,屋,ɒk
曲,屋,ɒk
瘃,屋,ɒk
足,屋,ɒk
贖,屋,ɒk
促,屋,ɒk
續,屋,ɒk
俗,屋,ɒk
藚,屋,ɒk
粟,屋,ɒk
亍,屋,ɒk
覺,覺,ɔk
角,屋,ɒk
桷,屋,ɒk
較,藥,ok
榷,藥,ok
嶽,屋,ɒk
岳,屋,ɒk
樂,藥,ok
浞,屋,ɒk
捉,屋,ɒk
朔,鐸,ʌk
數,屋,ɒk
㮶,鐸,ʌk
斲,屋,ɒk
涿,屋,ɒk
椓,屋,ɒk
琢,屋,ɒk
卓,藥,ok
啄,屋,ɒk
倬,藥,ok
剝,屋,ɒk
駮,藥,ok
駁,藥,ok
邈,藥,ok
雹,覺,ɔk
璞,屋,ɒk
樸,屋,ɒk
愨,屋,ɒk
確,藥,ok
濁,屋,ɒk
擢,藥,ok
濯,藥,ok
鐲,屋,ɒk
渥,屋,ɒk
握,屋,ɒk
幄,屋,ɒk
齷,屋,ɒk
搦,藥,ok
踔,藥,ok
犖,藥,ok
學,覺,ɔk
澩,覺,ɔk
齪,屋,ɒk
質,質,ət
郅,質,ət
桎,質,ət
蛭,質,ət
騭,職,ɔɪk
日,質,ət
實,質,ət
秩,質,ət
紩,質,ət
帙,質,ət
姪,質,ət
悉,質,ət
膝,質,ət
蟋,質,ət
一,質,ət
壹,質,ət
七,質,ət
漆,質,ət
柒,質,ət
匹,質,ət
吉,質,ət
拮,質,ət
暱,職,ɔɪk
昵,質,ət
逸,質,ət
佚,質,ət
佾,質,ət
溢,錫,ək
軼,質,ət
鎰,錫,ək
泆,質,ət
詰,質,ət
咥,質,ət
栗,質,ət
慄,質,ət
溧,質,ət
窒,質,ət
挃,質,ət
銍,質,ət
疾,質,ət
嫉,質,ət
蒺,質,ət
失,質,ət
室,質,ət
蜜,質,ət
謐,質,ət
䤉,質,ət
必,質,ət
畢,質,ət
篳,質,ət
蓽,質,ət
韠,質,ət
蹕,質,ət
觱,質,ət
珌,質,ət
姞,質,ət
佶,質,ət
邲,質,ət
苾,質,ət
駜,質,ət
飶,質,ət
怭,質,ət
率,物,ɔt
帥,物,ɔt
蟀,物,ɔt
叱,質,ət
密,質,ət
弼,物,ɔt
乙,質,ət
筆,物,ɔt
術,物,ɔt
述,物,ɔt
秫,物,ɔt
朮,物,ɔt
沭,物,ɔt
橘,質,ət
崒,物,ɔt
聿,物,ɔt
鴪,質,ət
遹,質,ət
驈,質,ət
卹,質,ət
恤,質,ət
戌,物,ɔt
律,物,ɔt
黜,物,ɔt
怵,物,ɔt
㤕,物,ɔt
絀,物,ɔt
出,物,ɔt
櫛,質,ət
瑟,質,ət
物,物,ɔt
勿,物,ɔt
芴,物,ɔt
弗,物,ɔt
紱,月,ʌt
黻,月,ʌt
紼,物,ɔt
芾,月,ʌt
韍,月,ʌt
不,之,ɔɪ
髴,物,ɔt
鬱,物,ɔt
尉,物,ɔt
厥,物,ɔt
屈,物,ɔt
屈,物,ɔt
詘,物,ɔt
倔,物,ɔt
崛,物,ɔt
掘,物,ɔt
佛,物,ɔt
怫,物,ɔt
拂,物,ɔt
茀,物,ɔt
祓,月,ʌt
彿,物,ɔt
迄,物,ɔt
汔,物,ɔt
訖,物,ɔt
吃,物,ɔt
屹,物,ɔt
圪,物,ɔt
仡,物,ɔt
乞,物,ɔt
契,月,ʌt
月,月,ʌt
刖,月,ʌt
軏,月,ʌt
伐,月,ʌt
筏,月,ʌt
罰,月,ʌt
閥,月,ʌt
越,月,ʌt
粵,月,ʌt
戉,月,ʌt
鉞,月,ʌt
樾,月,ʌt
曰,月,ʌt
厥,月,ʌt
蹶,月,ʌt
劂,月,ʌt
蕨,月,ʌt
蟩,月,ʌt
鱖,月,ʌt
噦,月,ʌt
撅,月,ʌt
掘,月,ʌt
𣖬,月,ʌt
闕,月,ʌt
髮,月,ʌt
發,月,ʌt
襪,月,ʌt
謁,月,ʌt
歇,月,ʌt
訐,月,ʌt
羯,月,ʌt
揭,月,ʌt
竭,月,ʌt
碣,月,ʌt
沒,物,ɔt
歿,物,ɔt
骨,物,ɔt
鶻,物,ɔt
滑,物,ɔt
勃,物,ɔt
渤,物,ɔt
孛,物,ɔt
咄,物,ɔt
突,物,ɔt
膃,物,ɔt
忽,物,ɔt
笏,物,ɔt
惚,物,ɔt
兀,物,ɔt
扤,物,ɔt
窟,物,ɔt
訥,物,ɔt
肭,物,ɔt
猝,物,ɔt
鶻,物,ɔt
卒,物,ɔt
曷,月,ʌt
褐,月,ʌt
蝎,月,ʌt
喝,月,ʌt
怛,月,ʌt
妲,月,ʌt
笪,月,ʌt
靼,月,ʌt
闥,月,ʌt
撻,月,ʌt
獺,月,ʌt
遏,月,ʌt
閼,月,ʌt
剌,月,ʌt
辢,月,ʌt
瘌,月,ʌt
糲,月,ʌt
渴,月,ʌt
達,月,ʌt
葛,月,ʌt
割,月,ʌt
摋,月,ʌt
末,月,ʌt
秣,月,ʌt
沫,月,ʌt
撥,月,ʌt
括,月,ʌt
活,月,ʌt
栝,月,ʌt
聒,月,ʌt
鴰,月,ʌt
佸,月,ʌt
闊,月,ʌt
活,月,ʌt
佸,月,ʌt
奪,月,ʌt
豁,月,ʌt
濊,月,ʌt
斡,月,ʌt
鏺,月,ʌt
脫,月,ʌt
捋,月,ʌt
掇,月,ʌt
剟,月,ʌt
咄,物,ɔt
撮,月,ʌt
跋,月,ʌt
魃,月,ʌt
軷,月,ʌt
拔,月,ʌt
菝,月,ʌt
茇,月,ʌt
黠,質,ət
札,月,ʌt
拔,月,ʌt
滑,物,ɔt
猾,物,ɔt
八,質,ət
穵,物,ɔt
察,月,ʌt
劀,質,ət
戛,質,ət
軋,月,ʌt
殺,月,ʌt
鎩,月,ʌt
茁,物,ɔt
鎋,月,ʌt
舝,月,ʌt
轄,月,ʌt
刮,月,ʌt
刷,月,ʌt
屑,質,ət
楔,月,ʌt
榍,質,ət
切,質,ət
竊,質,ət
結,質,ət
絜,月,ʌt
潔,月,ʌt
桔,質,ət
袺,質,ət
拮,質,ət
節,質,ət
血,質,ət
闋,質,ət
缺,月,ʌt
玦,月,ʌt
譎,質,ət
訣,月,ʌt
觼,質,ət
鐍,質,ət
鴂,月,ʌt
決,月,ʌt
觖,月,ʌt
抉,月,ʌt
穴,質,ət
垤,質,ət
耋,質,ət
迭,質,ət
跌,質,ət
絰,質,ət
瓞,質,ət
鐵,質,ət
餮,質,ət
驖,質,ət
擷,質,ət
頡,質,ət
頁,質,ət
襭,質,ət
涅,質,ət
苶,質,ət
𢧵,月,ʌt
齧,月,ʌt
臬,月,ʌt
隉,月,ʌt
蔑,月,ʌt
蠛,月,ʌt
篾,月,ʌt
幭,月,ʌt
噎,質,ət
挈,月,ʌt
契,月,ʌt
鍥,月,ʌt
撆,月,ʌt
瞥,月,ʌt
嫳,月,ʌt
蹩,月,ʌt
薛,月,ʌt
紲,月,ʌt
褻,月,ʌt
泄,月,ʌt
暬,月,ʌt
列,月,ʌt
烈,月,ʌt
洌,月,ʌt
冽,月,ʌt
裂,月,ʌt
哲,月,ʌt
傑,月,ʌt
桀,月,ʌt
偈,月,ʌt
熱,月,ʌt
晢,月,ʌt
浙,月,ʌt
折,月,ʌt
舌,月,ʌt
折,月,ʌt
孽,月,ʌt
糱,月,ʌt
櫱,月,ʌt
滅,月,ʌt
朅,月,ʌt
鼈,月,ʌt
絕,月,ʌt
雪,月,ʌt
悅,月,ʌt
說,月,ʌt
閱,月,ʌt
缺,月,ʌt
爇,月,ʌt
說,月,ʌt
拙,物,ɔt
歠,月,ʌt
啜,月,ʌt
輟,月,ʌt
惙,月,ʌt
啜,月,ʌt
劣,月,ʌt
埒,月,ʌt
鋝,月,ʌt
別,月,ʌt
轍,月,ʌt
澈,月,ʌt
別,月,ʌt
孑,月,ʌt
設,月,ʌt
蹶,月,ʌt
茁,物,ɔt
撤,月,ʌt
徹,月,ʌt
掣,月,ʌt
抴,月,ʌt
藥,藥,ok
躍,藥,ok
禴,藥,ok
鑰,藥,ok
瀹,藥,ok
籥,藥,ok
略,鐸,ʌk
掠,鐸,ʌk
腳,鐸,ʌk
蹻,藥,ok
屩,藥,ok
灼,藥,ok
斫,鐸,ʌk
酌,藥,ok
繳,藥,ok
焯,藥,ok
妁,藥,ok
爍,藥,ok
㜰,藥,ok
若,鐸,ʌk
弱,藥,ok
箬,鐸,ʌk
蒻,藥,ok
綽,藥,ok
婥,藥,ok
約,藥,ok
卻,鐸,ʌk
却,鐸,ʌk
虐,藥,ok
瘧,藥,ok
妁,藥,ok
勺,藥,ok
杓,藥,ok
芍,藥,ok
削,藥,ok
斮,鐸,ʌk
爵,藥,ok
雀,藥,ok
嚼,藥,ok
爝,藥,ok
鵲,鐸,ʌk
趞,鐸,ʌk
噱,鐸,ʌk
臄,鐸,ʌk
縛,鐸,ʌk
籰,鐸,ʌk
玃,鐸,ʌk
钁,鐸,ʌk
攫,鐸,ʌk
矍,鐸,ʌk
芍,藥,ok
著,鐸,ʌk
著,鐸,ʌk
躩,鐸,ʌk
謔,藥,ok
鐸,鐸,ʌk
度,鐸,ʌk
莫,鐸,ʌk
幕,鐸,ʌk
鄚,鐸,ʌk
膜,鐸,ʌk
鏌,鐸,ʌk
漠,鐸,ʌk
寞,鐸,ʌk
落,鐸,ʌk
絡,鐸,ʌk
烙,鐸,ʌk
洛,鐸,ʌk
珞,鐸,ʌk
樂,藥,ok
硌,鐸,ʌk
駱,鐸,ʌk
雒,鐸,ʌk
濼,藥,ok
託,鐸,ʌk
橐,鐸,ʌk
拓,鐸,ʌk
蘀,鐸,ʌk
魄,鐸,ʌk
作,鐸,ʌk
𥽦,藥,ok
鑿,藥,ok
錯,鐸,ʌk
厝,鐸,ʌk
逪,鐸,ʌk
剒,鐸,ʌk
各,鐸,ʌk
閣,鐸,ʌk
胳,鐸,ʌk
恪,鐸,ʌk
咢,鐸,ʌk
愕,鐸,ʌk
鄂,鐸,ʌk
諤,鐸,ʌk
萼,鐸,ʌk
鍔,鐸,ʌk
鶚,鐸,ʌk
鰐,鐸,ʌk
噩,鐸,ʌk
顎,鐸,ʌk
粕,鐸,ʌk
膊,鐸,ʌk
惡,鐸,ʌk
堊,鐸,ʌk
泊,鐸,ʌk
亳,鐸,ʌk
箔,鐸,ʌk
薄,鐸,ʌk
礴,鐸,ʌk
𦞦,藥,ok
壑,鐸,ʌk
郝,鐸,ʌk
熇,藥,ok
索,鐸,ʌk
涸,鐸,ʌk
鶴,藥,ok
貉,鐸,ʌk
昨,鐸,ʌk
酢,鐸,ʌk
怍,鐸,ʌk
鑿,藥,ok
柞,鐸,ʌk
博,鐸,ʌk
搏,鐸,ʌk
鎛,鐸,ʌk
襮,藥,ok
諾,鐸,ʌk
霍,鐸,ʌk
藿,鐸,ʌk
郭,鐸,ʌk
崞,鐸,ʌk
槨,鐸,ʌk
蠖,鐸,ʌk
穫,鐸,ʌk
鑊,鐸,ʌk
濩,鐸,ʌk
廓,鐸,ʌk
鞹,鐸,ʌk
籗,鐸,ʌk
陌,鐸,ʌk
貊,鐸,ʌk
驀,鐸,ʌk
磔,月,ʌt
白,鐸,ʌk
帛,鐸,ʌk
舶,鐸,ʌk
伯,鐸,ʌk
迫,鐸,ʌk
百,鐸,ʌk
柏,鐸,ʌk
劇,鐸,ʌk
屐,錫,ək
戟,鐸,ʌk
索,鐸,ʌk
迮,鐸,ʌk
窄,鐸,ʌk
隙,鐸,ʌk
郤,鐸,ʌk
綌,鐸,ʌk
額,鐸,ʌk
客,鐸,ʌk
啞,鐸,ʌk
虩,鐸,ʌk
拍,鐸,ʌk
魄,鐸,ʌk
珀,鐸,ʌk
洦,鐸,ʌk
赫,鐸,ʌk
嚇,鐸,ʌk
垎,鐸,ʌk
格,鐸,ʌk
骼,鐸,ʌk
宅,鐸,ʌk
擇,鐸,ʌk
澤,鐸,ʌk
翟,藥,ok
襗,鐸,ʌk
虢,鐸,ʌk
擭,鐸,ʌk
麥,職,ɔɪk
脉,錫,ək
霢,錫,ək
獲,鐸,ʌk
畫,錫,ək
劃,錫,ək
馘,職,ɔɪk
幗,職,ɔɪk
檗,錫,ək
擘,錫,ək
䌟,錫,ək
賾,錫,ək
責,錫,ək
簀,錫,ək
幘,錫,ək
嘖,錫,ək
策,錫,ək
冊,錫,ək
柵,錫,ək
覈,錫,ək
翮,錫,ək
核,職,ɔɪk
隔,錫,ək
膈,錫,ək
革,職,ɔɪk
摘,錫,ək
謫,錫,ək
讁,錫,ək
戹,錫,ək
厄,錫,ək
搤,錫,ək
㧖,錫,ək
軶,錫,ək
呝,錫,ək
糪,錫,ək
昔,鐸,ʌk
腊,鐸,ʌk
惜,鐸,ʌk
舄,鐸,ʌk
積,錫,ək
脊,錫,ək
蹐,錫,ək
迹,錫,ək
跡,錫,ək
蹟,錫,ək
益,錫,ək
繹,鐸,ʌk
亦,鐸,ʌk
弈,鐸,ʌk
奕,鐸,ʌk
譯,鐸,ʌk
懌,鐸,ʌk
斁,鐸,ʌk
驛,鐸,ʌk
嶧,鐸,ʌk
腋,鐸,ʌk
掖,鐸,ʌk
易,錫,ək
液,鐸,ʌk
蜴,錫,ək
埸,錫,ək
射,鐸,ʌk
釋,鐸,ʌk
適,錫,ək
𠁗,職,ɔɪk
螫,鐸,ʌk
尺,鐸,ʌk
赤,鐸,ʌk
斥,鐸,ʌk
石,鐸,ʌk
碩,鐸,ʌk
隻,鐸,ʌk
炙,鐸,ʌk
摭,鐸,ʌk
蹠,鐸,ʌk
跖,鐸,ʌk
擲,錫,ək
擿,錫,ək
磧,錫,ək
席,鐸,ʌk
夕,鐸,ʌk
穸,鐸,ʌk
汐,鐸,ʌk
蓆,鐸,ʌk
籍,鐸,ʌk
踖,鐸,ʌk
藉,鐸,ʌk
瘠,錫,ək
闢,錫,ək
辟,錫,ək
役,錫,ək
疫,錫,ək
辟,錫,ək
璧,錫,ək
躄,錫,ək
襞,錫,ək
僻,錫,ək
癖,錫,ək
麝,鐸,ʌk
射,鐸,ʌk
碧,鐸,ʌk
彳,鐸,ʌk
錫,錫,ək
析,錫,ək
裼,錫,ək
皙,錫,ək
蜥,錫,ək
菥,錫,ək
淅,錫,ək
激,藥,ok
擊,錫,ək
墼,錫,ək
霹,錫,ək
劈,錫,ək
靂,錫,ək
轢,藥,ok
礫,藥,ok
櫪,錫,ək
櫟,藥,ok
歷,錫,ək
曆,錫,ək
瀝,錫,ək
鬲,錫,ək
的,藥,ok
嫡,錫,ək
靮,藥,ok
鏑,錫,ək
滴,錫,ək
蹢,錫,ək
檄,藥,ok
覡,錫,ək
鷁,錫,ək
荻,錫,ək
狄,錫,ək
敵,錫,ək
翟,藥,ok
迪,覺,ɔk
笛,覺,ɔk
糴,藥,ok
滌,覺,ɔk
踧,覺,ɔk
逖,錫,ək
逷,錫,ək
倜,覺,ɔk
趯,藥,ok
剔,錫,ək
惕,錫,ək
籊,藥,ok
績,錫,ək
勣,錫,ək
惄,覺,ɔk
溺,藥,ok
寂,覺,ɔk
覓,錫,ək
汨,錫,ək
甓,錫,ək
壁,錫,ək
闃,錫,ək
鶪,錫,ək
戚,覺,ɔk
慼,覺,ɔk
鬩,錫,ək
職,職,ɔɪk
織,職,ɔɪk
直,職,ɔɪk
力,職,ɔɪk
敕,職,ɔɪk
勅,職,ɔɪk
飭,職,ɔɪk
陟,職,ɔɪk
稙,職,ɔɪk
食,職,ɔɪk
蝕,職,ɔɪk
息,職,ɔɪk
熄,職,ɔɪk
寔,錫,ək
湜,錫,ək
殖,職,ɔɪk
植,職,ɔɪk
埴,職,ɔɪk
識,職,ɔɪk
式,職,ɔɪk
拭,職,ɔɪk
軾,職,ɔɪk
飾,職,ɔɪk
極,職,ɔɪk
匿,職,ɔɪk
測,職,ɔɪk
惻,職,ɔɪk
畟,職,ɔɪk
憶,職,ɔɪk
億,職,ɔɪk
臆,職,ɔɪk
薏,職,ɔɪk
抑,質,ət
色,職,ɔɪk
嗇,職,ɔɪk
穡,職,ɔɪk
薔,職,ɔɪk
殛,職,ɔɪk
襋,職,ɔɪk
棘,職,ɔɪk
亟,職,ɔɪk
弋,職,ɔɪk
翊,緝,ɔp
翌,緝,ɔp
翼,職,ɔɪk
即,質,ət
稷,職,ɔɪk
逼,職,ɔɪk
域,職,ɔɪk
蜮,職,ɔɪk
罭,職,ɔɪk
棫,職,ɔɪk
緎,職,ɔɪk
魊,職,ɔɪk
洫,質,ət
閾,職,ɔɪk
淢,職,ɔɪk
愊,職,ɔɪk
𣅔,職,ɔɪk
仄,職,ɔɪk
側,職,ɔɪk
愎,覺,ɔk
嶷,職,ɔɪk
德,職,ɔɪk
得,職,ɔɪk
則,職,ɔɪk
勒,職,ɔɪk
肋,職,ɔɪk
仂,職,ɔɪk
泐,職,ɔɪk
阞,職,ɔɪk
忒,職,ɔɪk
慝,職,ɔɪk
刻,職,ɔɪk
克,職,ɔɪk
剋,職,ɔɪk
特,職,ɔɪk
螣,職,ɔɪk
黑,職,ɔɪk
墨,職,ɔɪk
默,職,ɔɪk
冒,覺,ɔk
賊,職,ɔɪk
塞,職,ɔɪk
北,職,ɔɪk
踣,職,ɔɪk
或,職,ɔɪk
惑,職,ɔɪk
國,職,ɔɪk
劾,職,ɔɪk
緝,緝,ɔp
葺,緝,ɔp
十,緝,ɔp
什,緝,ɔp
拾,緝,ɔp
執,緝,ɔp
汁,緝,ɔp
習,緝,ɔp
襲,緝,ɔp
隰,緝,ɔp
集,緝,ɔp
輯,緝,ɔp
檝,緝,ɔp
入,緝,ɔp
廿,緝,ɔp
揖,緝,ɔp
挹,緝,ɔp
溼,緝,ɔp
濕,緝,ɔp
湒,緝,ɔp
葺,緝,ɔp
及,緝,ɔp
笈,緝,ɔp
蟄,緝,ɔp
縶,緝,ɔp
立,緝,ɔp
粒,緝,ɔp
笠,緝,ɔp
急,緝,ɔp
汲,緝,ɔp
給,緝,ɔp
伋,緝,ɔp
級,緝,ɔp
岌,緝,ɔp
泣,緝,ɔp
澀,緝,ɔp
吸,緝,ɔp
噏,緝,ɔp
歙,緝,ɔp
翕,緝,ɔp
潝,緝,ɔp
𨝫,緝,ɔp
戢,緝,ɔp
蕺,緝,ɔp
濈,緝,ɔp
霵,緝,ɔp
邑,緝,ɔp
悒,緝,ɔp
浥,緝,ɔp
熠,緝,ɔp
合,緝,ɔp
郃,緝,ɔp
耠,緝,ɔp
盒,緝,ɔp
閤,緝,ɔp
鴿,緝,ɔp
合,緝,ɔp
蛤,緝,ɔp
頜,緝,ɔp
韐,緝,ɔp
答,緝,ɔp
𨅞,緝,ɔp
撘,緝,ɔp
趿,緝,ɔp
颯,緝,ɔp
靸,緝,ɔp
𠦃,緝,ɔp
沓,緝,ɔp
遝,緝,ɔp
雜,緝,ɔp
帀,葉,ʌp
𠯗,葉,ʌp
拉,緝,ɔp
納,緝,ɔp
軜,緝,ɔp
姶,緝,ɔp
欱,緝,ɔp
盍,葉,ʌp
闔,葉,ʌp
蓋,葉,ʌp
𨜴,葉,ʌp
臘,葉,ʌp
鑞,葉,ʌp
蠟,葉,ʌp
榻,葉,ʌp
鰨,葉,ʌp
塔,緝,ɔp
蹋,葉,ʌp
嗑,葉,ʌp
磕,葉,ʌp
葉,葉,ʌp
接,葉,ʌp
睫,葉,ʌp
楫,緝,ɔp
檝,緝,ɔp
攝,葉,ʌp
葉,葉,ʌp
歙,緝,ɔp
韘,葉,ʌp
涉,葉,ʌp
獵,葉,ʌp
鬣,葉,ʌp
躐,葉,ʌp
捷,葉,ʌp
疌,葉,ʌp
寁,葉,ʌp
腌,葉,ʌp
聶,葉,ʌp
躡,葉,ʌp
讘,葉,ʌp
顳,葉,ʌp
讋,葉,ʌp
懾,葉,ʌp
摺,葉,ʌp
妾,葉,ʌp
踥,葉,ʌp
衱,緝,ɔp
輒,葉,ʌp
曄,葉,ʌp
饁,葉,ʌp
燁,葉,ʌp
㷸,葉,ʌp
靨,葉,ʌp
厭,葉,ʌp
帖,葉,ʌp
協,葉,ʌp
叶,葉,ʌp
勰,葉,ʌp
挾,葉,ʌp
俠,葉,ʌp
頰,葉,ʌp
鋏,葉,ʌp
筴,葉,ʌp
莢,葉,ʌp
愜,葉,ʌp
篋,葉,ʌp
牒,葉,ʌp
喋,葉,ʌp
蹀,葉,ʌp
諜,葉,ʌp
堞,葉,ʌp
疊,緝,ɔp
蝶,葉,ʌp
揲,葉,ʌp
燮,葉,ʌp
屧,葉,ʌp
躞,葉,ʌp
洽,緝,ɔp
狹,葉,ʌp
祫,緝,ɔp
峽,葉,ʌp
恰,緝,ɔp
牐,葉,ʌp
夾,葉,ʌp
郟,葉,ʌp
袷,緝,ɔp
插,葉,ʌp
鍤,葉,ʌp
霎,葉,ʌp
歃,葉,ʌp
狎,葉,ʌp
柙,葉,ʌp
匣,葉,ʌp
鴨,葉,ʌp
壓,葉,ʌp
閘,葉,ʌp
押,葉,ʌp
甲,葉,ʌp
胛,葉,ʌp
翣,葉,ʌp
呷,葉,ʌp
業,葉,ʌp
鄴,葉,ʌp
脅,葉,ʌp
怯,葉,ʌp
劫,葉,ʌp
罨,葉,ʌp
跲,緝,ɔp
乏,葉,ʌp
法,葉,ʌp